row_id,platform,source,ts,raw_ts,rule_id,user,url,syscheck_path,syscheck_class,is_web_scan,is_auth_fail,is_auth_success,is_account_mgmt,label,technique,desc_len,rule_level,kw_scan,kw_brute,kw_password,kw_denied,kw_root,kw_privilege,kw_sql,kw_shell,kw_trojan,kw_virus,mitre_tactic_id,is_auth_failure,is_web_attack,rule_id_encoded,agent_criticality,alert_rate_1min,failed_login_5min,unique_src_ip_10min,high_sev_ratio_20,rule_diversity_10min,time_since_last_high,scan_preceded,brute_preceded,kill_chain_stage,ew_global_trail5m_alert_count,ew_global_trail5m_max_rate_10s,ew_global_trail5m_mean_interarrival_s,ew_global_trail5m_min_interarrival_s,ew_global_trail5m_distinct_rule_count,ew_global_trail5m_distinct_url_count,ew_global_trail5m_path_repetition_ratio,ew_global_trail5m_distinct_syscheck_path_class_count,ew_global_trail5m_distinct_dst_count,ew_global_trail5m_auth_failure_count,ew_global_trail5m_auth_success_after_failure_flag,ew_global_trail5m_syscheck_cron_count,ew_global_trail5m_syscheck_systemd_count,ew_global_trail5m_syscheck_shell_rc_count,ew_global_trail5m_syscheck_ssh_key_count,ew_global_trail5m_syscheck_account_mgmt_count,ew_global_trail5m_syscheck_other_count,ew_global_trail60m_alert_count,ew_global_trail60m_max_rate_10s,ew_global_trail60m_mean_interarrival_s,ew_global_trail60m_min_interarrival_s,ew_global_trail60m_distinct_rule_count,ew_global_trail60m_distinct_url_count,ew_global_trail60m_path_repetition_ratio,ew_global_trail60m_distinct_syscheck_path_class_count,ew_global_trail60m_distinct_dst_count,ew_global_trail60m_auth_failure_count,ew_global_trail60m_auth_success_after_failure_flag,ew_global_trail60m_syscheck_cron_count,ew_global_trail60m_syscheck_systemd_count,ew_global_trail60m_syscheck_shell_rc_count,ew_global_trail60m_syscheck_ssh_key_count,ew_global_trail60m_syscheck_account_mgmt_count,ew_global_trail60m_syscheck_other_count,ew_user_trail60m_alert_count,ew_user_trail60m_max_rate_10s,ew_user_trail60m_mean_interarrival_s,ew_user_trail60m_min_interarrival_s,ew_user_trail60m_distinct_rule_count,ew_user_trail60m_distinct_url_count,ew_user_trail60m_path_repetition_ratio,ew_user_trail60m_distinct_syscheck_path_class_count,ew_user_trail60m_distinct_dst_count,ew_user_trail60m_auth_failure_count,ew_user_trail60m_auth_success_after_failure_flag,ew_user_trail60m_syscheck_cron_count,ew_user_trail60m_syscheck_systemd_count,ew_user_trail60m_syscheck_shell_rc_count,ew_user_trail60m_syscheck_ssh_key_count,ew_user_trail60m_syscheck_account_mgmt_count,ew_user_trail60m_syscheck_other_count,ew_user_present,ew_auth_after_webscan_flag,ew_syscheck_after_login_flag,ew_acctmgmt_after_auth_flag,ew_time_since_entity_first_seen_s,ew_time_since_entity_last_alert_s
160,lnx,lnx_attack,2026-07-08 20:22:28+00:00,2026-07-08 20:22:47.551000+00:00,31101,,/~bin,,,True,False,False,False,attack,T1595.003,26.0,5.0,0.0,0.0,0.0,0.0,0.0,0.0,0.0,0.0,0.0,0.0,-1.0,0.0,1.0,31101.0,1.0,20.0,0.0,1.0,0.05,2.0,0.0,0.0,0.0,2.0,47.0,30.0,0.8215217434841654,0.0,8.0,0.0,0.0,5.0,0.0,0.0,0.0,1.0,1.0,1.0,1.0,26.0,0.0,47.0,30.0,0.8215217434841654,0.0,8.0,0.0,0.0,5.0,0.0,0.0,0.0,1.0,1.0,1.0,1.0,26.0,0.0,0.0,0.0,9999.0,9999.0,0.0,0.0,0.0,0.0,0.0,0.0,0.0,0.0,0.0,0.0,0.0,0.0,0.0,0.0,0.0,0.0,0.0,269.0,0.0
5566,lnx,lnx_attack,2026-07-08 20:26:58+00:00,2026-07-08 20:27:58.106000+00:00,31101,,/mods,,,True,False,False,False,attack,T1595.003,26.0,5.0,0.0,0.0,0.0,0.0,0.0,0.0,0.0,0.0,0.0,0.0,-1.0,0.0,1.0,31101.0,1.0,20.0,0.0,1.0,0.05,2.0,0.0,0.0,0.0,2.0,4985.0,3022.0,0.0539727126805778,0.0,17.0,3354.0,0.3094502779493514,5.0,0.0,20.0,1.0,2.0,2.0,2.0,2.0,48.0,0.0,5032.0,2734.0,0.1069369906579209,0.0,18.0,3354.0,0.3094502779493514,5.0,0.0,20.0,1.0,3.0,3.0,3.0,3.0,74.0,0.0,0.0,0.0,9999.0,9999.0,0.0,0.0,0.0,0.0,0.0,0.0,0.0,0.0,0.0,0.0,0.0,0.0,0.0,0.0,0.0,0.0,0.0,539.0,0.0
16712,lnx,lnx_attack,2026-07-08 20:40:37+00:00,2026-07-08 20:41:09.900000+00:00,31101,,/exec,,,True,False,False,False,attack,T1595.003,26.0,5.0,0.0,0.0,0.0,0.0,0.0,0.0,0.0,0.0,0.0,0.0,-1.0,0.0,1.0,31101.0,1.0,20.0,0.0,1.0,0.05,2.0,0.0,0.0,0.0,2.0,4215.0,4060.0,0.0640721404841006,0.0,17.0,4060.0,0.0090309982914327,5.0,0.0,20.0,1.0,2.0,2.0,2.0,2.0,40.0,0.0,15221.0,4104.0,0.0891590013140604,0.0,18.0,4594.0,0.6871850742203459,5.0,0.0,80.0,1.0,9.0,9.0,9.0,9.0,197.0,0.0,0.0,0.0,9999.0,9999.0,0.0,0.0,0.0,0.0,0.0,0.0,0.0,0.0,0.0,0.0,0.0,0.0,0.0,0.0,0.0,0.0,0.0,1358.0,0.0
3069,lnx,lnx_attack,2026-07-08 20:22:47.469276+00:00,2026-07-08 20:23:19.371000+00:00,5710,baduser1,,,,False,True,False,False,attack,T1110.001,48.0,5.0,1.0,1.0,1.0,0.0,0.0,0.0,0.0,1.0,0.0,0.0,7.0,1.0,0.0,5710.0,1.0,20.0,0.0,1.0,0.05,2.0,17.469276,0.0,0.0,3.0,3069.0,2734.0,0.0883311603650586,0.0,12.0,3020.0,0.0,5.0,0.0,0.0,0.0,1.0,1.0,1.0,1.0,26.0,0.0,3069.0,2734.0,0.0883311603650586,0.0,12.0,3020.0,0.0,5.0,0.0,0.0,0.0,1.0,1.0,1.0,1.0,26.0,0.0,0.0,0.0,9999.0,9999.0,0.0,0.0,0.0,0.0,0.0,0.0,0.0,0.0,0.0,0.0,0.0,0.0,0.0,1.0,0.0,0.0,0.0,9999.0,9999.0
3070,lnx,lnx_attack,2026-07-08 20:22:48.573723+00:00,2026-07-08 20:23:19.385000+00:00,5710,baduser2,,,,False,True,False,False,attack,T1110.001,48.0,5.0,1.0,1.0,1.0,0.0,0.0,0.0,0.0,1.0,0.0,0.0,7.0,1.0,0.0,5710.0,1.0,20.0,1.0,1.0,0.05,3.0,18.573723,1.0,1.0,3.0,3070.0,2734.0,0.0939945506521295,0.0,13.0,3020.0,0.0,5.0,0.0,1.0,0.0,1.0,1.0,1.0,1.0,26.0,0.0,3070.0,2734.0,0.0939945506521295,0.0,13.0,3020.0,0.0,5.0,0.0,1.0,0.0,1.0,1.0,1.0,1.0,26.0,0.0,0.0,0.0,9999.0,9999.0,0.0,0.0,0.0,0.0,0.0,0.0,0.0,0.0,0.0,0.0,0.0,0.0,0.0,1.0,0.0,0.0,0.0,9999.0,9999.0
3071,lnx,lnx_attack,2026-07-08 20:22:49.492858+00:00,2026-07-08 20:23:19.643000+00:00,5710,baduser3,,,,False,True,False,False,attack,T1110.001,48.0,5.0,1.0,1.0,1.0,0.0,0.0,0.0,0.0,1.0,0.0,0.0,7.0,1.0,0.0,5710.0,1.0,20.0,2.0,1.0,0.05,3.0,19.492858,1.0,1.0,3.0,3071.0,2734.0,0.0943236882212884,0.0,13.0,3020.0,0.0,5.0,0.0,2.0,0.0,1.0,1.0,1.0,1.0,26.0,0.0,3071.0,2734.0,0.0943236882212884,0.0,13.0,3020.0,0.0,5.0,0.0,2.0,0.0,1.0,1.0,1.0,1.0,26.0,0.0,0.0,0.0,9999.0,9999.0,0.0,0.0,0.0,0.0,0.0,0.0,0.0,0.0,0.0,0.0,0.0,0.0,0.0,1.0,0.0,0.0,0.0,9999.0,9999.0
3073,lnx,lnx_attack,2026-07-08 20:22:49.849085+00:00,2026-07-08 20:23:21.257000+00:00,5710,baduser4,,,,False,True,False,False,attack,T1110.001,48.0,5.0,1.0,1.0,1.0,0.0,0.0,0.0,0.0,1.0,0.0,0.0,7.0,1.0,0.0,5710.0,1.0,20.0,3.0,1.0,0.1,4.0,0.224085,1.0,1.0,3.0,3073.0,2734.0,0.0946044921875,0.0,14.0,3020.0,0.0,5.0,0.0,3.0,0.0,1.0,1.0,1.0,1.0,26.0,0.0,3073.0,2734.0,0.0946044921875,0.0,14.0,3020.0,0.0,5.0,0.0,3.0,0.0,1.0,1.0,1.0,1.0,26.0,0.0,0.0,0.0,9999.0,9999.0,0.0,0.0,0.0,0.0,0.0,0.0,0.0,0.0,0.0,0.0,0.0,0.0,0.0,1.0,0.0,0.0,0.0,9999.0,9999.0
26,lnx,lnx_attack,2026-07-08 20:17:59.745210+00:00,2026-07-08 20:18:20.985000+00:00,5501,lnx-dmz,,,,False,False,True,False,uncertain,,26.0,3.0,0.0,0.0,0.0,0.0,1.0,1.0,0.0,0.0,0.0,0.0,6.0,0.0,0.0,5501.0,1.0,15.0,0.0,0.0,0.0,3.0,999.0,0.0,0.0,2.0,15.0,15.0,0.0528722831181117,0.0,3.0,0.0,0.0,2.0,0.0,0.0,0.0,0.0,0.0,0.0,1.0,13.0,0.0,15.0,15.0,0.0528722831181117,0.0,3.0,0.0,0.0,2.0,0.0,0.0,0.0,0.0,0.0,0.0,1.0,13.0,0.0,1.0,1.0,9999.0,9999.0,1.0,0.0,0.0,0.0,0.0,0.0,0.0,0.0,0.0,0.0,0.0,0.0,0.0,1.0,0.0,0.0,0.0,0.0049982070922851,0.0049982070922851
29,lnx,lnx_attack,2026-07-08 20:17:59.766199+00:00,2026-07-08 20:18:20.993000+00:00,5501,lnx-dmz,,,,False,False,True,False,uncertain,,26.0,3.0,0.0,0.0,0.0,0.0,1.0,1.0,0.0,0.0,0.0,0.0,6.0,0.0,0.0,5501.0,1.0,18.0,0.0,0.0,0.0,5.0,999.0,0.0,0.0,2.0,18.0,18.0,0.044776579912971,0.0,5.0,0.0,0.0,2.0,0.0,0.0,0.0,0.0,0.0,0.0,1.0,13.0,0.0,18.0,18.0,0.044776579912971,0.0,5.0,0.0,0.0,2.0,0.0,0.0,0.0,0.0,0.0,0.0,1.0,13.0,0.0,3.0,3.0,0.0104949474334716,0.0049982070922851,2.0,0.0,0.0,0.0,0.0,0.0,0.0,0.0,0.0,0.0,0.0,0.0,0.0,1.0,0.0,0.0,0.0,0.0259871482849121,0.0049972534179687
3143,lnx,lnx_attack,2026-07-08 20:24:33.668150+00:00,2026-07-08 20:24:55.522000+00:00,5901,,,,,False,False,False,True,attack,T1136.001,30.0,8.0,0.0,0.0,0.0,0.0,0.0,0.0,0.0,0.0,0.0,0.0,-1.0,1.0,0.0,5901.0,1.0,20.0,0.0,0.0,0.0,4.0,999.0,0.0,0.0,2.0,3089.0,3022.0,0.0406775187334248,0.0,13.0,3020.0,0.0,4.0,0.0,20.0,1.0,1.0,1.0,0.0,1.0,19.0,0.0,3136.0,2734.0,0.1258731029820784,0.0,16.0,3020.0,0.0,5.0,0.0,20.0,1.0,2.0,2.0,1.0,2.0,45.0,0.0,0.0,0.0,9999.0,9999.0,0.0,0.0,0.0,0.0,0.0,0.0,0.0,0.0,0.0,0.0,0.0,0.0,0.0,0.0,0.0,0.0,1.0,394.6681499481201,0.0559720993041992
3144,lnx,lnx_attack,2026-07-08 20:24:33.668150+00:00,2026-07-08 20:24:55.526000+00:00,5902,,,,,False,False,False,True,attack,T1136.001,29.0,8.0,0.0,0.0,0.0,0.0,1.0,0.0,0.0,1.0,0.0,0.0,4.0,1.0,0.0,5902.0,1.0,20.0,1.0,0.0,0.05,5.0,999.0,0.0,0.0,2.0,3089.0,3022.0,0.0406775187334248,0.0,13.0,3020.0,0.0,4.0,0.0,20.0,1.0,1.0,1.0,0.0,1.0,19.0,0.0,3136.0,2734.0,0.1258731029820784,0.0,16.0,3020.0,0.0,5.0,0.0,20.0,1.0,2.0,2.0,1.0,2.0,45.0,0.0,0.0,0.0,9999.0,9999.0,0.0,0.0,0.0,0.0,0.0,0.0,0.0,0.0,0.0,0.0,0.0,0.0,0.0,0.0,0.0,0.0,1.0,394.6681499481201,0.0
3,lnx,lnx_attack,2026-07-08 20:17:59+00:00,2026-07-08 20:18:17.856000+00:00,550,,,/root/.ssh/authorized_keys,ssh_key,False,False,False,False,uncertain,T1098.004,27.0,7.0,0.0,0.0,0.0,0.0,1.0,0.0,0.0,0.0,0.0,0.0,13.0,0.0,0.0,550.0,1.0,0.0,0.0,0.0,0.0,0.0,999.0,0.0,0.0,2.0,0.0,0.0,9999.0,9999.0,0.0,0.0,0.0,0.0,0.0,0.0,0.0,0.0,0.0,0.0,0.0,0.0,0.0,0.0,0.0,9999.0,9999.0,0.0,0.0,0.0,0.0,0.0,0.0,0.0,0.0,0.0,0.0,0.0,0.0,0.0,0.0,0.0,9999.0,9999.0,0.0,0.0,0.0,0.0,0.0,0.0,0.0,0.0,0.0,0.0,0.0,0.0,0.0,0.0,0.0,0.0,0.0,9999.0,9999.0
4,lnx,lnx_attack,2026-07-08 20:17:59+00:00,2026-07-08 20:18:17.884000+00:00,554,,,/etc/passwd.10406,account_mgmt,False,False,False,False,uncertain,T1136.001,25.0,5.0,0.0,0.0,0.0,0.0,0.0,0.0,0.0,0.0,0.0,0.0,-1.0,0.0,0.0,554.0,1.0,1.0,0.0,0.0,0.0,1.0,999.0,0.0,0.0,2.0,0.0,0.0,9999.0,9999.0,0.0,0.0,0.0,0.0,0.0,0.0,0.0,0.0,0.0,0.0,0.0,0.0,0.0,0.0,0.0,9999.0,9999.0,0.0,0.0,0.0,0.0,0.0,0.0,0.0,0.0,0.0,0.0,0.0,0.0,0.0,0.0,0.0,9999.0,9999.0,0.0,0.0,0.0,0.0,0.0,0.0,0.0,0.0,0.0,0.0,0.0,0.0,0.0,0.0,0.0,0.0,0.0,0.0,0.0
6,lnx,lnx_attack,2026-07-08 20:17:59+00:00,2026-07-08 20:18:17.897000+00:00,554,,,/etc/passwd.lock,account_mgmt,False,False,False,False,uncertain,T1136.001,25.0,5.0,0.0,0.0,0.0,0.0,0.0,0.0,0.0,0.0,0.0,0.0,-1.0,0.0,0.0,554.0,1.0,2.0,0.0,0.0,0.0,2.0,999.0,0.0,0.0,2.0,0.0,0.0,9999.0,9999.0,0.0,0.0,0.0,0.0,0.0,0.0,0.0,0.0,0.0,0.0,0.0,0.0,0.0,0.0,0.0,9999.0,9999.0,0.0,0.0,0.0,0.0,0.0,0.0,0.0,0.0,0.0,0.0,0.0,0.0,0.0,0.0,0.0,9999.0,9999.0,0.0,0.0,0.0,0.0,0.0,0.0,0.0,0.0,0.0,0.0,0.0,0.0,0.0,0.0,0.0,0.0,0.0,0.0,0.0
0,win,win_attack,2026-07-08 21:41:21.912281+00:00,2026-07-08 21:42:05.158000+00:00,60106,SYSTEM,,,,False,False,True,False,uncertain,,22.0,3.0,0.0,0.0,0.0,0.0,1.0,1.0,0.0,0.0,0.0,0.0,6.0,0.0,0.0,60106.0,0.0,0.0,0.0,0.0,0.0,0.0,999.0,0.0,0.0,2.0,0.0,0.0,9999.0,9999.0,0.0,0.0,0.0,0.0,0.0,0.0,0.0,0.0,0.0,0.0,0.0,0.0,0.0,0.0,0.0,9999.0,9999.0,0.0,0.0,0.0,0.0,0.0,0.0,0.0,0.0,0.0,0.0,0.0,0.0,0.0,0.0,0.0,9999.0,9999.0,0.0,0.0,0.0,0.0,0.0,0.0,0.0,0.0,0.0,0.0,0.0,0.0,0.0,1.0,0.0,0.0,0.0,9999.0,9999.0
1,win,win_attack,2026-07-08 21:41:22.179450+00:00,2026-07-08 21:42:05.164000+00:00,60106,SYSTEM,,,,False,False,True,False,uncertain,,22.0,3.0,0.0,0.0,0.0,0.0,1.0,1.0,0.0,0.0,0.0,0.0,6.0,0.0,0.0,60106.0,0.0,1.0,0.0,0.0,0.0,1.0,999.0,0.0,0.0,2.0,1.0,1.0,9999.0,9999.0,1.0,0.0,0.0,0.0,0.0,0.0,0.0,0.0,0.0,0.0,0.0,0.0,0.0,1.0,1.0,9999.0,9999.0,1.0,0.0,0.0,0.0,0.0,0.0,0.0,0.0,0.0,0.0,0.0,0.0,0.0,1.0,1.0,9999.0,9999.0,1.0,0.0,0.0,0.0,0.0,0.0,0.0,0.0,0.0,0.0,0.0,0.0,0.0,1.0,0.0,0.0,0.0,0.2671689987182617,0.2671689987182617
2,win,win_attack,2026-07-08 21:41:22.926587+00:00,2026-07-08 21:42:06.171000+00:00,60106,SYSTEM,,,,False,False,True,False,uncertain,,22.0,3.0,0.0,0.0,0.0,0.0,1.0,1.0,0.0,0.0,0.0,0.0,6.0,0.0,0.0,60106.0,0.0,2.0,0.0,0.0,0.0,1.0,999.0,0.0,0.0,2.0,2.0,2.0,0.2671689987182617,0.2671689987182617,1.0,0.0,0.0,0.0,0.0,0.0,0.0,0.0,0.0,0.0,0.0,0.0,0.0,2.0,2.0,0.2671689987182617,0.2671689987182617,1.0,0.0,0.0,0.0,0.0,0.0,0.0,0.0,0.0,0.0,0.0,0.0,0.0,2.0,2.0,0.2671689987182617,0.2671689987182617,1.0,0.0,0.0,0.0,0.0,0.0,0.0,0.0,0.0,0.0,0.0,0.0,0.0,1.0,0.0,0.0,0.0,1.014305830001831,0.7471368312835693
0,lnx,lnx_benign,2026-07-12 11:11:56.277000+00:00,2026-07-12 11:11:56.277000+00:00,503,,,,,False,False,False,False,benign,,20.0,3.0,0.0,0.0,0.0,0.0,0.0,0.0,0.0,0.0,0.0,0.0,-1.0,0.0,0.0,503.0,1.0,0.0,0.0,0.0,0.0,0.0,999.0,0.0,0.0,2.0,0.0,0.0,9999.0,9999.0,0.0,0.0,0.0,0.0,0.0,0.0,0.0,0.0,0.0,0.0,0.0,0.0,0.0,0.0,0.0,9999.0,9999.0,0.0,0.0,0.0,0.0,0.0,0.0,0.0,0.0,0.0,0.0,0.0,0.0,0.0,0.0,0.0,9999.0,9999.0,0.0,0.0,0.0,0.0,0.0,0.0,0.0,0.0,0.0,0.0,0.0,0.0,0.0,0.0,0.0,0.0,0.0,9999.0,9999.0
1,lnx,lnx_benign,2026-07-12 11:11:59.565000+00:00,2026-07-12 11:11:59.565000+00:00,40704,,,,,False,False,False,False,benign,,41.0,5.0,0.0,0.0,0.0,0.0,0.0,0.0,0.0,0.0,0.0,0.0,-1.0,0.0,0.0,40704.0,1.0,1.0,0.0,0.0,0.0,1.0,999.0,0.0,0.0,2.0,1.0,1.0,9999.0,9999.0,1.0,0.0,0.0,0.0,0.0,0.0,0.0,0.0,0.0,0.0,0.0,0.0,0.0,1.0,1.0,9999.0,9999.0,1.0,0.0,0.0,0.0,0.0,0.0,0.0,0.0,0.0,0.0,0.0,0.0,0.0,0.0,0.0,9999.0,9999.0,0.0,0.0,0.0,0.0,0.0,0.0,0.0,0.0,0.0,0.0,0.0,0.0,0.0,0.0,0.0,0.0,0.0,3.2879998683929443,3.2879998683929443
0,win,win_benign,2026-07-12 11:30:18.950000+00:00,2026-07-12 11:30:18.950000+00:00,92052,NT AUTHORITY\\SYSTEM,,,,False,False,False,False,benign,,53.0,4.0,0.0,0.0,0.0,0.0,0.0,0.0,0.0,1.0,0.0,0.0,3.0,0.0,0.0,92052.0,0.0,0.0,0.0,0.0,0.0,0.0,999.0,0.0,0.0,1.0,0.0,0.0,9999.0,9999.0,0.0,0.0,0.0,0.0,0.0,0.0,0.0,0.0,0.0,0.0,0.0,0.0,0.0,0.0,0.0,9999.0,9999.0,0.0,0.0,0.0,0.0,0.0,0.0,0.0,0.0,0.0,0.0,0.0,0.0,0.0,0.0,0.0,9999.0,9999.0,0.0,0.0,0.0,0.0,0.0,0.0,0.0,0.0,0.0,0.0,0.0,0.0,0.0,1.0,0.0,0.0,0.0,9999.0,9999.0
