ew_alert_count,ew_mean_interarrival_s,ew_min_interarrival_s,ew_max_rate_10s,ew_distinct_rule_count,ew_distinct_url_count,ew_path_repetition_ratio,ew_distinct_syscheck_path_class_count,ew_syscheck_cron_count,ew_syscheck_systemd_count,ew_syscheck_shell_rc_count,ew_syscheck_ssh_key_count,ew_syscheck_account_mgmt_count,ew_syscheck_other_count,ew_distinct_dst_count,ew_auth_failure_count,ew_auth_success_after_failure_flag,entity_key,pivot,source,grid_bucket,n_records,ew_auth_after_webscan_flag,ew_syscheck_after_login_flag,ew_acctmgmt_after_auth_flag,ew_time_since_entity_first_seen_s,ew_time_since_entity_last_alert_s,label_majority,technique_set
47.0,0.8215217434841654,0.0,30.0,8.0,0.0,0.0,5.0,1.0,1.0,1.0,1.0,26.0,0.0,0.0,0.0,0.0,__GLOBAL__,global,lnx_attack,2026-07-08 20:10:00+00:00,47,0.0,1.0,1.0,9999.0,9999.0,uncertain,T1098.004|T1136.001
7341.0,0.06133814715559541,0.0,3022.0,17.0,4340.0,0.39079169006176306,5.0,3.0,3.0,3.0,3.0,80.0,0.0,0.0,40.0,1.0,__GLOBAL__,global,lnx_attack,2026-07-08 20:20:00+00:00,7341,1.0,1.0,1.0,121.0,83.2099997997284,attack,T1053.003|T1098.004|T1110.001|T1136.001|T1543.002|T1546.004|T1595.003
7796.0,0.07234445156540299,0.0,4060.0,17.0,4258.0,0.4341528239202658,5.0,5.0,5.0,5.0,5.0,91.0,0.0,0.0,40.0,1.0,__GLOBAL__,global,lnx_attack,2026-07-08 20:30:00+00:00,7796,1.0,1.0,1.0,721.0,1.7779998779296875,attack,T1046|T1053.003|T1098.004|T1110.001|T1136.001|T1543.002|T1546.004|T1595.003
7884.0,0.060617785095094835,0.0,3899.0,18.0,4324.0,0.43366077275703996,5.0,4.0,4.0,4.0,5.0,84.0,0.0,0.0,40.0,1.0,__GLOBAL__,global,lnx_attack,2026-07-08 20:40:00+00:00,7884,1.0,1.0,1.0,1321.0,35.075000047683716,attack,T1053.003|T1098.004|T1110.001|T1136.001|T1543.002|T1546.004|T1595.003
4.0,6.403666655222575,0.0,2.0,3.0,0.0,0.0,1.0,0.0,0.0,0.0,0.0,0.0,4.0,0.0,0.0,0.0,__GLOBAL__,global,lnx_attack,2026-07-08 20:50:00+00:00,4,0.0,0.0,0.0,1921.0,86.15000009536743,uncertain,
9.0,6.336750030517578,0.0,3.0,5.0,0.0,0.0,1.0,0.0,0.0,0.0,0.0,0.0,6.0,0.0,0.0,0.0,__GLOBAL__,global,lnx_attack,2026-07-08 21:00:00+00:00,9,0.0,0.0,0.0,2521.0,386.7890000343323,uncertain,
2.0,268.2158639431,268.2158639431,1.0,1.0,0.0,0.0,0.0,0.0,0.0,0.0,0.0,0.0,0.0,0.0,2.0,0.0,baduser1,user,lnx_attack,2026-07-08 20:20:00+00:00,2,0.0,0.0,0.0,9999.0,9999.0,attack,T1110.001
2.0,273.3652489185333,273.3652489185333,1.0,1.0,0.0,0.0,0.0,0.0,0.0,0.0,0.0,0.0,0.0,0.0,2.0,0.0,baduser1,user,lnx_attack,2026-07-08 20:30:00+00:00,2,0.0,0.0,0.0,432.5307240486145,164.31486010551453,attack,T1110.001
2.0,271.7883849143982,271.7883849143982,1.0,1.0,0.0,0.0,0.0,0.0,0.0,0.0,0.0,0.0,0.0,0.0,2.0,0.0,baduser1,user,lnx_attack,2026-07-08 20:40:00+00:00,2,0.0,0.0,0.0,1032.5307240486145,214.92673110961914,attack,T1110.001
2.0,270.4916868209839,270.4916868209839,1.0,1.0,0.0,0.0,0.0,0.0,0.0,0.0,0.0,0.0,0.0,0.0,2.0,0.0,baduser10,user,lnx_attack,2026-07-08 20:20:00+00:00,2,0.0,0.0,0.0,9999.0,9999.0,attack,T1110.001
2.0,271.86659479141235,271.86659479141235,1.0,1.0,0.0,0.0,0.0,0.0,0.0,0.0,0.0,0.0,0.0,0.0,2.0,0.0,baduser10,user,lnx_attack,2026-07-08 20:30:00+00:00,2,0.0,0.0,0.0,424.6176829338074,154.1259961128235,attack,T1110.001
2.0,271.14535880088806,271.14535880088806,1.0,1.0,0.0,0.0,0.0,0.0,0.0,0.0,0.0,0.0,0.0,0.0,2.0,0.0,baduser10,user,lnx_attack,2026-07-08 20:40:00+00:00,2,0.0,0.0,0.0,1024.6176829338074,207.08265900611877,attack,T1110.001
2.0,270.1148748397827,270.1148748397827,1.0,1.0,0.0,0.0,0.0,0.0,0.0,0.0,0.0,0.0,0.0,0.0,2.0,0.0,baduser11,user,lnx_attack,2026-07-08 20:20:00+00:00,2,0.0,0.0,0.0,9999.0,9999.0,attack,T1110.001
2.0,271.5825490951538,271.5825490951538,1.0,1.0,0.0,0.0,0.0,0.0,0.0,0.0,0.0,0.0,0.0,0.0,2.0,0.0,baduser11,user,lnx_attack,2026-07-08 20:30:00+00:00,2,0.0,0.0,0.0,423.6421709060669,153.52729606628418,attack,T1110.001
2.0,270.88648891448975,270.88648891448975,1.0,1.0,0.0,0.0,0.0,0.0,0.0,0.0,0.0,0.0,0.0,0.0,2.0,0.0,baduser11,user,lnx_attack,2026-07-08 20:40:00+00:00,2,0.0,0.0,0.0,1023.6421709060669,206.12972283363342,attack,T1110.001
2.0,270.1148748397827,270.1148748397827,1.0,1.0,0.0,0.0,0.0,0.0,0.0,0.0,0.0,0.0,0.0,0.0,2.0,0.0,baduser12,user,lnx_attack,2026-07-08 20:20:00+00:00,2,0.0,0.0,0.0,9999.0,9999.0,attack,T1110.001
2.0,271.8018488883972,271.8018488883972,1.0,1.0,0.0,0.0,0.0,0.0,0.0,0.0,0.0,0.0,0.0,0.0,2.0,0.0,baduser12,user,lnx_attack,2026-07-08 20:30:00+00:00,2,0.0,0.0,0.0,422.8035898208618,152.6887149810791,attack,T1110.001
2.0,270.9694471359253,270.9694471359253,1.0,1.0,0.0,0.0,0.0,0.0,0.0,0.0,0.0,0.0,0.0,0.0,2.0,0.0,baduser12,user,lnx_attack,2026-07-08 20:40:00+00:00,2,0.0,0.0,0.0,1022.8035898208618,204.99822306632996,attack,T1110.001
2.0,270.44870805740356,270.44870805740356,1.0,1.0,0.0,0.0,0.0,0.0,0.0,0.0,0.0,0.0,0.0,0.0,2.0,0.0,baduser13,user,lnx_attack,2026-07-08 20:20:00+00:00,2,0.0,0.0,0.0,9999.0,9999.0,attack,T1110.001
2.0,271.68428778648376,271.68428778648376,1.0,1.0,0.0,0.0,0.0,0.0,0.0,0.0,0.0,0.0,0.0,0.0,2.0,0.0,baduser13,user,lnx_attack,2026-07-08 20:30:00+00:00,2,0.0,0.0,0.0,422.14791798591614,151.69920992851257,attack,T1110.001
2.0,271.0703971385956,271.0703971385956,1.0,1.0,0.0,0.0,0.0,0.0,0.0,0.0,0.0,0.0,0.0,0.0,2.0,0.0,baduser13,user,lnx_attack,2026-07-08 20:40:00+00:00,2,0.0,0.0,0.0,1022.1479179859161,204.16691517829895,attack,T1110.001
2.0,270.54665899276733,270.54665899276733,1.0,1.0,0.0,0.0,0.0,0.0,0.0,0.0,0.0,0.0,0.0,0.0,2.0,0.0,baduser14,user,lnx_attack,2026-07-08 20:20:00+00:00,2,0.0,0.0,0.0,9999.0,9999.0,attack,T1110.001
2.0,270.92108726501465,270.92108726501465,1.0,1.0,0.0,0.0,0.0,0.0,0.0,0.0,0.0,0.0,0.0,0.0,2.0,0.0,baduser14,user,lnx_attack,2026-07-08 20:30:00+00:00,2,0.0,0.0,0.0,421.17240595817566,150.62574696540833,attack,T1110.001
2.0,271.38823771476746,271.38823771476746,1.0,1.0,0.0,0.0,0.0,0.0,0.0,0.0,0.0,0.0,0.0,0.0,2.0,0.0,baduser14,user,lnx_attack,2026-07-08 20:40:00+00:00,2,0.0,0.0,0.0,1021.1724059581757,203.44747281074524,attack,T1110.001
2.0,272.2697973251343,272.2697973251343,1.0,1.0,0.0,0.0,0.0,0.0,0.0,0.0,0.0,0.0,0.0,0.0,2.0,0.0,baduser15,user,lnx_attack,2026-07-08 20:20:00+00:00,2,0.0,0.0,0.0,9999.0,9999.0,attack,T1110.001
2.0,270.64261078834534,270.64261078834534,1.0,1.0,0.0,0.0,0.0,0.0,0.0,0.0,0.0,0.0,0.0,0.0,2.0,0.0,baduser15,user,lnx_attack,2026-07-08 20:30:00+00:00,2,0.0,0.0,0.0,420.5247302055359,148.2549328804016,attack,T1110.001
2.0,272.8195219039917,272.8195219039917,1.0,1.0,0.0,0.0,0.0,0.0,0.0,0.0,0.0,0.0,0.0,0.0,2.0,0.0,baduser15,user,lnx_attack,2026-07-08 20:40:00+00:00,2,0.0,0.0,0.0,1020.5247302055359,202.75581908226013,attack,T1110.001
2.0,271.66210079193115,271.66210079193115,1.0,1.0,0.0,0.0,0.0,0.0,0.0,0.0,0.0,0.0,0.0,0.0,2.0,0.0,baduser16,user,lnx_attack,2026-07-08 20:20:00+00:00,2,0.0,0.0,0.0,9999.0,9999.0,attack,T1110.001
2.0,270.3077778816223,270.3077778816223,1.0,1.0,0.0,0.0,0.0,0.0,0.0,0.0,0.0,0.0,0.0,0.0,2.0,0.0,baduser16,user,lnx_attack,2026-07-08 20:30:00+00:00,2,0.0,0.0,0.0,419.2713568210602,147.60925602912903,attack,T1110.001
2.0,272.66459918022156,272.66459918022156,1.0,1.0,0.0,0.0,0.0,0.0,0.0,0.0,0.0,0.0,0.0,0.0,2.0,0.0,baduser16,user,lnx_attack,2026-07-08 20:40:00+00:00,2,0.0,0.0,0.0,1019.2713568210602,202.1031460762024,attack,T1110.001
2.0,271.7660491466522,271.7660491466522,1.0,1.0,0.0,0.0,0.0,0.0,0.0,0.0,0.0,0.0,0.0,0.0,2.0,0.0,baduser17,user,lnx_attack,2026-07-08 20:20:00+00:00,2,0.0,0.0,0.0,9999.0,9999.0,attack,T1110.001
2.0,270.4267189502716,270.4267189502716,1.0,1.0,0.0,0.0,0.0,0.0,0.0,0.0,0.0,0.0,0.0,0.0,2.0,0.0,baduser17,user,lnx_attack,2026-07-08 20:30:00+00:00,2,0.0,0.0,0.0,418.4257800579071,146.65973091125488,attack,T1110.001
2.0,272.735563993454,272.735563993454,1.0,1.0,0.0,0.0,0.0,0.0,0.0,0.0,0.0,0.0,0.0,0.0,2.0,0.0,baduser17,user,lnx_attack,2026-07-08 20:40:00+00:00,2,0.0,0.0,0.0,1018.4257800579071,200.94672417640686,attack,T1110.001
2.0,271.86499881744385,271.86499881744385,1.0,1.0,0.0,0.0,0.0,0.0,0.0,0.0,0.0,0.0,0.0,0.0,2.0,0.0,baduser18,user,lnx_attack,2026-07-08 20:20:00+00:00,2,0.0,0.0,0.0,9999.0,9999.0,attack,T1110.001
2.0,269.94096207618713,269.94096207618713,1.0,1.0,0.0,0.0,0.0,0.0,0.0,0.0,0.0,0.0,0.0,0.0,2.0,0.0,baduser18,user,lnx_attack,2026-07-08 20:30:00+00:00,2,0.0,0.0,0.0,417.4062898159027,145.54129099845886,attack,T1110.001
2.0,271.84001183509827,271.84001183509827,1.0,1.0,0.0,0.0,0.0,0.0,0.0,0.0,0.0,0.0,0.0,0.0,2.0,0.0,baduser18,user,lnx_attack,2026-07-08 20:40:00+00:00,2,0.0,0.0,0.0,1017.4062898159027,200.0541708469391,attack,T1110.001
2.0,271.9709470272064,271.9709470272064,1.0,1.0,0.0,0.0,0.0,0.0,0.0,0.0,0.0,0.0,0.0,0.0,2.0,0.0,baduser19,user,lnx_attack,2026-07-08 20:20:00+00:00,2,0.0,0.0,0.0,9999.0,9999.0,attack,T1110.001
2.0,269.6031312942505,269.6031312942505,1.0,1.0,0.0,0.0,0.0,0.0,0.0,0.0,0.0,0.0,0.0,0.0,2.0,0.0,baduser19,user,lnx_attack,2026-07-08 20:30:00+00:00,2,0.0,0.0,0.0,416.20589113235474,144.23494410514832,attack,T1110.001
2.0,271.6011309623718,271.6011309623718,1.0,1.0,0.0,0.0,0.0,0.0,0.0,0.0,0.0,0.0,0.0,0.0,2.0,0.0,baduser19,user,lnx_attack,2026-07-08 20:40:00+00:00,2,0.0,0.0,0.0,1016.2058911323547,199.03967785835266,attack,T1110.001
2.0,267.9859402179718,267.9859402179718,1.0,1.0,0.0,0.0,0.0,0.0,0.0,0.0,0.0,0.0,0.0,0.0,2.0,0.0,baduser2,user,lnx_attack,2026-07-08 20:20:00+00:00,2,0.0,0.0,0.0,9999.0,9999.0,attack,T1110.001
2.0,272.89883184432983,272.89883184432983,1.0,1.0,0.0,0.0,0.0,0.0,0.0,0.0,0.0,0.0,0.0,0.0,2.0,0.0,baduser2,user,lnx_attack,2026-07-08 20:30:00+00:00,2,0.0,0.0,0.0,431.42627716064453,163.44033694267273,attack,T1110.001
2.0,271.3838849067688,271.3838849067688,1.0,1.0,0.0,0.0,0.0,0.0,0.0,0.0,0.0,0.0,0.0,0.0,2.0,0.0,baduser2,user,lnx_attack,2026-07-08 20:40:00+00:00,2,0.0,0.0,0.0,1031.4262771606445,213.8988950252533,attack,T1110.001
2.0,272.03491473197937,272.03491473197937,1.0,1.0,0.0,0.0,0.0,0.0,0.0,0.0,0.0,0.0,0.0,0.0,2.0,0.0,baduser20,user,lnx_attack,2026-07-08 20:20:00+00:00,2,0.0,0.0,0.0,9999.0,9999.0,attack,T1110.001
2.0,270.28878808021545,270.28878808021545,1.0,1.0,0.0,0.0,0.0,0.0,0.0,0.0,0.0,0.0,0.0,0.0,2.0,0.0,baduser20,user,lnx_attack,2026-07-08 20:30:00+00:00,2,0.0,0.0,0.0,415.29234790802,143.25743317604065,attack,T1110.001
2.0,270.84351110458374,270.84351110458374,1.0,1.0,0.0,0.0,0.0,0.0,0.0,0.0,0.0,0.0,0.0,0.0,2.0,0.0,baduser20,user,lnx_attack,2026-07-08 20:40:00+00:00,2,0.0,0.0,0.0,1015.29234790802,197.47446084022522,attack,T1110.001
2.0,267.92686676979065,267.92686676979065,1.0,1.0,0.0,0.0,0.0,0.0,0.0,0.0,0.0,0.0,0.0,0.0,2.0,0.0,baduser3,user,lnx_attack,2026-07-08 20:20:00+00:00,2,0.0,0.0,0.0,9999.0,9999.0,attack,T1110.001
2.0,272.9164741039276,272.9164741039276,1.0,1.0,0.0,0.0,0.0,0.0,0.0,0.0,0.0,0.0,0.0,0.0,2.0,0.0,baduser3,user,lnx_attack,2026-07-08 20:30:00+00:00,2,0.0,0.0,0.0,430.507141828537,162.58027505874634,attack,T1110.001
2.0,271.41722416877747,271.41722416877747,1.0,1.0,0.0,0.0,0.0,0.0,0.0,0.0,0.0,0.0,0.0,0.0,2.0,0.0,baduser3,user,lnx_attack,2026-07-08 20:40:00+00:00,2,0.0,0.0,0.0,1030.507141828537,212.93072891235352,attack,T1110.001
2.0,269.11237716674805,269.11237716674805,1.0,1.0,0.0,0.0,0.0,0.0,0.0,0.0,0.0,0.0,0.0,0.0,2.0,0.0,baduser4,user,lnx_attack,2026-07-08 20:20:00+00:00,2,0.0,0.0,0.0,9999.0,9999.0,attack,T1110.001
2.0,272.9124758243561,272.9124758243561,1.0,1.0,0.0,0.0,0.0,0.0,0.0,0.0,0.0,0.0,0.0,0.0,2.0,0.0,baduser4,user,lnx_attack,2026-07-08 20:30:00+00:00,2,0.0,0.0,0.0,430.150915145874,161.03853797912598,attack,T1110.001
2.0,271.48219108581543,271.48219108581543,1.0,1.0,0.0,0.0,0.0,0.0,0.0,0.0,0.0,0.0,0.0,0.0,2.0,0.0,baduser4,user,lnx_attack,2026-07-08 20:40:00+00:00,2,0.0,0.0,0.0,1030.150915145874,212.05516695976257,attack,T1110.001
2.0,269.05540466308594,269.05540466308594,1.0,1.0,0.0,0.0,0.0,0.0,0.0,0.0,0.0,0.0,0.0,0.0,2.0,0.0,baduser5,user,lnx_attack,2026-07-08 20:20:00+00:00,2,0.0,0.0,0.0,9999.0,9999.0,attack,T1110.001
2.0,272.9195649623871,272.9195649623871,1.0,1.0,0.0,0.0,0.0,0.0,0.0,0.0,0.0,0.0,0.0,0.0,2.0,0.0,baduser5,user,lnx_attack,2026-07-08 20:30:00+00:00,2,0.0,0.0,0.0,429.46625685691833,160.4108521938324,attack,T1110.001
2.0,271.66210103034973,271.66210103034973,1.0,1.0,0.0,0.0,0.0,0.0,0.0,0.0,0.0,0.0,0.0,0.0,2.0,0.0,baduser5,user,lnx_attack,2026-07-08 20:40:00+00:00,2,0.0,0.0,0.0,1029.4662568569183,211.03759694099426,attack,T1110.001
2.0,269.1533558368683,269.1533558368683,1.0,1.0,0.0,0.0,0.0,0.0,0.0,0.0,0.0,0.0,0.0,0.0,2.0,0.0,baduser6,user,lnx_attack,2026-07-08 20:20:00+00:00,2,0.0,0.0,0.0,9999.0,9999.0,attack,T1110.001
2.0,272.9962649345398,272.9962649345398,1.0,1.0,0.0,0.0,0.0,0.0,0.0,0.0,0.0,0.0,0.0,0.0,2.0,0.0,baduser6,user,lnx_attack,2026-07-08 20:30:00+00:00,2,0.0,0.0,0.0,428.5117349624634,159.3583791255951,attack,T1110.001
2.0,271.35818099975586,271.35818099975586,1.0,1.0,0.0,0.0,0.0,0.0,0.0,0.0,0.0,0.0,0.0,0.0,2.0,0.0,baduser6,user,lnx_attack,2026-07-08 20:40:00+00:00,2,0.0,0.0,0.0,1028.5117349624634,210.12813115119934,attack,T1110.001
2.0,269.3110330104828,269.3110330104828,1.0,1.0,0.0,0.0,0.0,0.0,0.0,0.0,0.0,0.0,0.0,0.0,2.0,0.0,baduser7,user,lnx_attack,2026-07-08 20:20:00+00:00,2,0.0,0.0,0.0,9999.0,9999.0,attack,T1110.001
2.0,273.2203221321106,273.2203221321106,1.0,1.0,0.0,0.0,0.0,0.0,0.0,0.0,0.0,0.0,0.0,0.0,2.0,0.0,baduser7,user,lnx_attack,2026-07-08 20:30:00+00:00,2,0.0,0.0,0.0,427.7111349105835,158.4001019001007,attack,T1110.001
2.0,271.7510561943054,271.7510561943054,1.0,1.0,0.0,0.0,0.0,0.0,0.0,0.0,0.0,0.0,0.0,0.0,2.0,0.0,baduser7,user,lnx_attack,2026-07-08 20:40:00+00:00,2,0.0,0.0,0.0,1027.7111349105835,209.23657703399658,attack,T1110.001
2.0,269.48019218444824,269.48019218444824,1.0,1.0,0.0,0.0,0.0,0.0,0.0,0.0,0.0,0.0,0.0,0.0,2.0,0.0,baduser8,user,lnx_attack,2026-07-08 20:20:00+00:00,2,0.0,0.0,0.0,9999.0,9999.0,attack,T1110.001
2.0,272.2747950553894,272.2747950553894,1.0,1.0,0.0,0.0,0.0,0.0,0.0,0.0,0.0,0.0,0.0,0.0,2.0,0.0,baduser8,user,lnx_attack,2026-07-08 20:30:00+00:00,2,0.0,0.0,0.0,426.7855980396271,157.30540585517883,attack,T1110.001
2.0,271.1453597545624,271.1453597545624,1.0,1.0,0.0,0.0,0.0,0.0,0.0,0.0,0.0,0.0,0.0,0.0,2.0,0.0,baduser8,user,lnx_attack,2026-07-08 20:40:00+00:00,2,0.0,0.0,0.0,1026.785598039627,208.61288905143738,attack,T1110.001
2.0,270.30377984046936,270.30377984046936,1.0,1.0,0.0,0.0,0.0,0.0,0.0,0.0,0.0,0.0,0.0,0.0,2.0,0.0,baduser9,user,lnx_attack,2026-07-08 20:20:00+00:00,2,0.0,0.0,0.0,9999.0,9999.0,attack,T1110.001
2.0,272.03491497039795,272.03491497039795,1.0,1.0,0.0,0.0,0.0,0.0,0.0,0.0,0.0,0.0,0.0,0.0,2.0,0.0,baduser9,user,lnx_attack,2026-07-08 20:30:00+00:00,2,0.0,0.0,0.0,425.55021595954895,155.2464361190796,attack,T1110.001
2.0,270.9884376525879,270.9884376525879,1.0,1.0,0.0,0.0,0.0,0.0,0.0,0.0,0.0,0.0,0.0,0.0,2.0,0.0,baduser9,user,lnx_attack,2026-07-08 20:40:00+00:00,2,0.0,0.0,0.0,1025.550215959549,207.96121501922607,attack,T1110.001
1.0,9999.0,9999.0,1.0,1.0,0.0,0.0,0.0,0.0,0.0,0.0,0.0,0.0,0.0,0.0,0.0,0.0,coluser,user,lnx_attack,2026-07-08 20:20:00+00:00,1,0.0,0.0,0.0,9999.0,9999.0,uncertain,
3.0,272.0204219818115,269.8410122394562,1.0,1.0,0.0,0.0,0.0,0.0,0.0,0.0,0.0,0.0,0.0,0.0,0.0,0.0,coluser,user,lnx_attack,2026-07-08 20:30:00+00:00,3,0.0,0.0,0.0,273.54825496673584,273.54825496673584,uncertain,
2.0,269.94895792007446,269.94895792007446,1.0,1.0,0.0,0.0,0.0,0.0,0.0,0.0,0.0,0.0,0.0,0.0,0.0,0.0,coluser,user,lnx_attack,2026-07-08 20:40:00+00:00,2,0.0,0.0,0.0,873.5482549667358,54.573946952819824,uncertain,
10.0,0.029293987486097548,0.0,10.0,2.0,0.0,0.0,0.0,0.0,0.0,0.0,0.0,0.0,0.0,0.0,0.0,0.0,lnx-dmz,user,lnx_attack,2026-07-08 20:10:00+00:00,10,0.0,0.0,0.0,9999.0,9999.0,uncertain,
20.0,22.43283062232168,0.0,4.0,2.0,0.0,0.0,0.0,0.0,0.0,0.0,0.0,0.0,0.0,0.0,0.0,0.0,lnx-dmz,user,lnx_attack,2026-07-08 20:20:00+00:00,20,0.0,0.0,0.0,120.25978803634644,119.99614214897156,attack,T1053.003|T1098.004|T1136.001|T1543.002|T1546.004|T1595.003
26.0,21.774067516326905,0.017407894134521484,4.0,1.0,0.0,0.0,0.0,0.0,0.0,0.0,0.0,0.0,0.0,0.0,0.0,0.0,lnx-dmz,user,lnx_attack,2026-07-08 20:30:00+00:00,26,0.0,0.0,0.0,720.2597880363464,24.83667302131653,attack,T1053.003|T1098.004|T1136.001|T1543.002|T1546.004
26.0,16.17834679603577,0.014992237091064453,8.0,1.0,0.0,0.0,0.0,0.0,0.0,0.0,0.0,0.0,0.0,0.0,0.0,0.0,lnx-dmz,user,lnx_attack,2026-07-08 20:40:00+00:00,26,0.0,0.0,0.0,1320.2597880363464,54.38304305076599,attack,T1053.003|T1098.004|T1136.001|T1543.002|T1546.004
1.0,9999.0,9999.0,1.0,1.0,0.0,0.0,0.0,0.0,0.0,0.0,0.0,0.0,0.0,0.0,0.0,0.0,novuser_batch,user,lnx_attack,2026-07-08 20:10:00+00:00,1,0.0,0.0,0.0,9999.0,9999.0,uncertain,
18.0,22.45417906256283,0.016991853713989258,4.0,1.0,0.0,0.0,0.0,0.0,0.0,0.0,0.0,0.0,0.0,0.0,0.0,0.0,root,user,lnx_attack,2026-07-08 20:20:00+00:00,18,0.0,0.0,0.0,9999.0,9999.0,attack,T1053.003|T1098.004|T1136.001|T1543.002|T1546.004
26.0,21.773865718841552,0.015419960021972656,4.0,1.0,0.0,0.0,0.0,0.0,0.0,0.0,0.0,0.0,0.0,0.0,0.0,0.0,root,user,lnx_attack,2026-07-08 20:30:00+00:00,26,0.0,0.0,0.0,406.55771708488464,24.83667302131653,attack,T1053.003|T1098.004|T1136.001|T1543.002|T1546.004
26.0,16.178426761627197,0.014992952346801758,8.0,1.0,0.0,0.0,0.0,0.0,0.0,0.0,0.0,0.0,0.0,0.0,0.0,0.0,root,user,lnx_attack,2026-07-08 20:40:00+00:00,26,0.0,0.0,0.0,1006.5577170848846,54.387041091918945,attack,T1053.003|T1098.004|T1136.001|T1543.002|T1546.004
17.0,29.546187505126,0.0,4.0,9.0,3.0,0.0,2.0,0.0,0.0,0.0,1.0,0.0,6.0,0.0,0.0,0.0,__GLOBAL__,global,lnx_benign,2026-07-12 11:10:00+00:00,17,0.0,1.0,0.0,9999.0,9999.0,benign,
35.0,14.93832351880915,0.0020003318786621094,4.0,4.0,3.0,0.9032258064516129,0.0,0.0,0.0,0.0,0.0,0.0,0.0,0.0,0.0,0.0,__GLOBAL__,global,lnx_benign,2026-07-12 11:20:00+00:00,35,1.0,0.0,0.0,483.72300004959106,10.983999967575073,benign,
49.0,11.58293749888738,0.0,4.0,4.0,3.0,0.926829268292683,0.0,0.0,0.0,0.0,0.0,0.0,0.0,0.0,0.0,0.0,__GLOBAL__,global,lnx_benign,2026-07-12 11:30:00+00:00,49,1.0,0.0,0.0,1083.723000049591,69.55000019073486,benign,
43.0,12.87102380820683,0.0009999275207519531,4.0,4.0,3.0,0.9166666666666666,0.0,0.0,0.0,0.0,0.0,0.0,0.0,0.0,0.0,0.0,__GLOBAL__,global,lnx_benign,2026-07-12 11:40:00+00:00,43,1.0,0.0,0.0,1683.723000049591,3.3320000171661377,benign,
48.0,12.502212767905377,0.002000093460083008,5.0,5.0,3.0,0.9210526315789473,0.0,0.0,0.0,0.0,0.0,0.0,0.0,0.0,0.0,0.0,__GLOBAL__,global,lnx_benign,2026-07-12 11:50:00+00:00,48,1.0,0.0,0.0,2283.723000049591,21.296000003814697,benign,
34.0,16.733787883411754,0.029999732971191406,3.0,4.0,3.0,0.896551724137931,0.0,0.0,0.0,0.0,0.0,0.0,0.0,0.0,0.0,0.0,__GLOBAL__,global,lnx_benign,2026-07-12 12:00:00+00:00,34,1.0,0.0,0.0,2883.723000049591,11.33299994468689,benign,
41.0,13.493374997377396,0.0,4.0,5.0,3.0,0.9032258064516129,1.0,0.0,0.0,0.0,0.0,0.0,2.0,0.0,0.0,0.0,__GLOBAL__,global,lnx_benign,2026-07-12 12:10:00+00:00,41,1.0,1.0,0.0,3483.723000049591,14.35699987411499,benign,
2.0,68.03200006484985,68.03200006484985,1.0,1.0,0.0,0.0,0.0,0.0,0.0,0.0,0.0,0.0,0.0,0.0,0.0,0.0,lnx-dmz,user,lnx_benign,2026-07-12 11:10:00+00:00,2,0.0,0.0,0.0,9999.0,9999.0,benign,
3.0,60.11500012874603,0.0020003318786621094,2.0,2.0,0.0,0.0,0.0,0.0,0.0,0.0,0.0,0.0,0.0,0.0,0.0,0.0,lnx-dmz,user,lnx_benign,2026-07-12 11:20:00+00:00,3,0.0,0.0,0.0,327.08300018310547,259.0510001182556,benign,
6.0,96.70739998817444,0.0009999275207519531,2.0,2.0,0.0,0.0,0.0,0.0,0.0,0.0,0.0,0.0,0.0,0.0,0.0,0.0,lnx-dmz,user,lnx_benign,2026-07-12 11:30:00+00:00,6,0.0,0.0,0.0,927.0830001831055,140.81699991226196,benign,
5.0,78.83824998140335,0.0009999275207519531,2.0,2.0,0.0,0.0,0.0,0.0,0.0,0.0,0.0,0.0,0.0,0.0,0.0,0.0,lnx-dmz,user,lnx_benign,2026-07-12 11:40:00+00:00,5,0.0,0.0,0.0,1527.0830001831055,16.950999975204468,benign,
6.0,94.5148000240326,0.002000093460083008,2.0,2.0,0.0,0.0,0.0,0.0,0.0,0.0,0.0,0.0,0.0,0.0,0.0,0.0,lnx-dmz,user,lnx_benign,2026-07-12 11:50:00+00:00,6,0.0,0.0,0.0,2127.0830001831055,78.54200005531311,benign,
4.0,120.61633332570393,0.029999732971191406,2.0,2.0,0.0,0.0,0.0,0.0,0.0,0.0,0.0,0.0,0.0,0.0,0.0,0.0,lnx-dmz,user,lnx_benign,2026-07-12 12:00:00+00:00,4,0.0,0.0,0.0,2727.0830001831055,22.168999910354614,benign,
6.0,97.31400003433228,0.009000062942504883,2.0,2.0,0.0,0.0,0.0,0.0,0.0,0.0,0.0,0.0,0.0,0.0,0.0,0.0,lnx-dmz,user,lnx_benign,2026-07-12 12:10:00+00:00,6,0.0,0.0,0.0,3327.0830001831055,194.12199997901917,benign,
5.0,29.33520197868347,0.2671689987182617,3.0,3.0,0.0,0.0,0.0,0.0,0.0,0.0,0.0,0.0,0.0,0.0,0.0,0.0,__GLOBAL__,global,win_attack,2026-07-08 21:40:00+00:00,5,0.0,0.0,0.0,9999.0,9999.0,uncertain,
22.0,27.097893714904785,8.821487426757812e-06,5.0,7.0,0.0,0.0,0.0,0.0,0.0,0.0,0.0,0.0,0.0,0.0,2.0,1.0,__GLOBAL__,global,win_attack,2026-07-08 21:50:00+00:00,22,0.0,0.0,0.0,518.087718963623,400.74691104888916,uncertain,
6.0,81.9615571975708,0.062150001525878906,2.0,3.0,0.0,0.0,0.0,0.0,0.0,0.0,0.0,0.0,0.0,0.0,0.0,0.0,__GLOBAL__,global,win_attack,2026-07-08 22:00:00+00:00,6,0.0,0.0,0.0,1118.087718963623,9.679442882537842,attack,
17.0,35.12032574415207,0.061057090759277344,3.0,4.0,0.0,0.0,0.0,0.0,0.0,0.0,0.0,0.0,0.0,0.0,0.0,0.0,__GLOBAL__,global,win_attack,2026-07-08 22:10:00+00:00,17,0.0,0.0,0.0,1718.087718963623,178.0654320716858,attack,T1046
80.0,5.702257696586319,8.106231689453125e-06,9.0,13.0,0.0,0.0,0.0,0.0,0.0,0.0,0.0,0.0,0.0,0.0,21.0,1.0,__GLOBAL__,global,win_attack,2026-07-08 22:20:00+00:00,80,0.0,0.0,0.0,2318.087718963623,21.08898401260376,attack,T1046|T1110.001|T1136.001
65.0,9.308703187853098,8.821487426757812e-06,9.0,6.0,0.0,0.0,0.0,0.0,0.0,0.0,0.0,0.0,0.0,0.0,19.0,1.0,__GLOBAL__,global,win_attack,2026-07-08 22:30:00+00:00,65,0.0,0.0,0.0,2918.087718963623,99.75213599205017,attack,T1046|T1110.001
29.0,13.849146561963218,0.011378765106201172,9.0,11.0,0.0,0.0,0.0,0.0,0.0,0.0,0.0,0.0,0.0,0.0,3.0,1.0,__GLOBAL__,global,win_attack,2026-07-08 22:40:00+00:00,29,0.0,0.0,0.0,3518.087718963623,0.9660789966583252,attack,T1046|T1110.001|T1136.001|T1547.001
81.0,6.378010186553001,0.00028896331787109375,9.0,14.0,0.0,0.0,0.0,0.0,0.0,0.0,0.0,0.0,0.0,0.0,20.0,1.0,__GLOBAL__,global,win_attack,2026-07-08 22:50:00+00:00,81,0.0,0.0,0.0,4118.087718963623,209.06377506256104,attack,T1046|T1053.005|T1110.001|T1136.001
43.0,11.070657168115888,8.821487426757812e-06,9.0,6.0,0.0,0.0,0.0,0.0,0.0,0.0,0.0,0.0,0.0,0.0,11.0,0.0,__GLOBAL__,global,win_attack,2026-07-08 23:00:00+00:00,43,0.0,0.0,0.0,4718.087718963623,9.381417036056519,attack,T1046|T1110.001
39.0,6.455668844674763,0.012006998062133789,9.0,11.0,0.0,0.0,0.0,0.0,0.0,0.0,0.0,0.0,0.0,0.0,9.0,1.0,__GLOBAL__,global,win_attack,2026-07-08 23:10:00+00:00,39,0.0,0.0,0.0,5318.087718963623,3.349442958831787,attack,T1110.001|T1136.001|T1547.001
14.0,28.68749037155738,6.9141387939453125e-06,7.0,4.0,0.0,0.0,0.0,0.0,0.0,0.0,0.0,0.0,0.0,0.0,0.0,0.0,__GLOBAL__,global,win_attack,2026-07-08 23:20:00+00:00,14,0.0,0.0,0.0,5918.087718963623,335.54190587997437,attack,
2.0,21.58936595916748,21.58936595916748,1.0,2.0,0.0,0.0,0.0,0.0,0.0,0.0,0.0,0.0,0.0,0.0,0.0,0.0,NT AUTHORITY\\SYSTEM,user,win_attack,2026-07-08 21:50:00+00:00,2,0.0,0.0,0.0,9999.0,9999.0,uncertain,
2.0,21.890350818634033,21.890350818634033,1.0,2.0,0.0,0.0,0.0,0.0,0.0,0.0,0.0,0.0,0.0,0.0,0.0,0.0,NT AUTHORITY\\SYSTEM,user,win_attack,2026-07-08 22:50:00+00:00,2,0.0,0.0,0.0,3416.676696062088,3395.0873301029205,attack,T1046
1.0,9999.0,9999.0,1.0,1.0,0.0,0.0,0.0,0.0,0.0,0.0,0.0,0.0,0.0,0.0,0.0,0.0,NT AUTHORITY\\SYSTEM,user,win_attack,2026-07-08 23:10:00+00:00,1,0.0,0.0,0.0,4616.676696062088,995.0469450950623,uncertain,
3.0,0.5071529150009155,0.2671689987182617,3.0,1.0,0.0,0.0,0.0,0.0,0.0,0.0,0.0,0.0,0.0,0.0,0.0,0.0,SYSTEM,user,win_attack,2026-07-08 21:40:00+00:00,3,0.0,0.0,0.0,9999.0,9999.0,uncertain,
9.0,67.18899711966515,0.17273497581481934,3.0,1.0,0.0,0.0,0.0,0.0,0.0,0.0,0.0,0.0,0.0,0.0,0.0,0.0,SYSTEM,user,win_attack,2026-07-08 21:50:00+00:00,9,0.0,0.0,0.0,518.087718963623,517.0734131336212,uncertain,
2.0,102.33653593063354,102.33653593063354,1.0,1.0,0.0,0.0,0.0,0.0,0.0,0.0,0.0,0.0,0.0,0.0,0.0,0.0,SYSTEM,user,win_attack,2026-07-08 22:00:00+00:00,2,0.0,0.0,0.0,1118.087718963623,41.22323393821716,uncertain,
12.0,51.07801808010448,0.061057090759277344,3.0,1.0,0.0,0.0,0.0,0.0,0.0,0.0,0.0,0.0,0.0,0.0,0.0,0.0,SYSTEM,user,win_attack,2026-07-08 22:10:00+00:00,12,0.0,0.0,0.0,1718.087718963623,329.2287859916687,attack,T1046
4.0,87.09819968541463,0.0006890296936035156,2.0,1.0,0.0,0.0,0.0,0.0,0.0,0.0,0.0,0.0,0.0,0.0,0.0,0.0,SYSTEM,user,win_attack,2026-07-08 22:20:00+00:00,4,0.0,0.0,0.0,2318.087718963623,21.155997037887573,attack,T1046|T1110.001
7.0,29.632291316986084,0.06689620018005371,2.0,1.0,0.0,0.0,0.0,0.0,0.0,0.0,0.0,0.0,0.0,0.0,0.0,0.0,SYSTEM,user,win_attack,2026-07-08 22:30:00+00:00,7,0.0,0.0,0.0,2918.087718963623,99.75213599205017,attack,T1046
9.0,38.36158096790314,0.048635005950927734,2.0,1.0,0.0,0.0,0.0,0.0,0.0,0.0,0.0,0.0,0.0,0.0,0.0,0.0,SYSTEM,user,win_attack,2026-07-08 22:40:00+00:00,9,0.0,0.0,0.0,3518.087718963623,418.9293351173401,attack,T1046|T1136.001
7.0,59.11041669050852,0.00028896331787109375,3.0,1.0,0.0,0.0,0.0,0.0,0.0,0.0,0.0,0.0,0.0,0.0,0.0,0.0,SYSTEM,user,win_attack,2026-07-08 22:50:00+00:00,7,0.0,0.0,0.0,4118.087718963623,209.06377506256104,attack,T1046|T1110.001
3.0,126.09110641479492,62.732452154159546,1.0,1.0,0.0,0.0,0.0,0.0,0.0,0.0,0.0,0.0,0.0,0.0,0.0,0.0,SYSTEM,user,win_attack,2026-07-08 23:00:00+00:00,3,0.0,0.0,0.0,4718.087718963623,40.4997398853302,attack,T1046
4.0,49.18304697672526,0.1515216827392578,3.0,1.0,0.0,0.0,0.0,0.0,0.0,0.0,0.0,0.0,0.0,0.0,0.0,0.0,SYSTEM,user,win_attack,2026-07-08 23:10:00+00:00,4,0.0,0.0,0.0,5318.087718963623,216.13483119010925,attack,T1547.001
7.0,41.82444302241007,0.14656901359558105,3.0,1.0,0.0,0.0,0.0,0.0,0.0,0.0,0.0,0.0,0.0,0.0,0.0,0.0,SYSTEM,user,win_attack,2026-07-08 23:20:00+00:00,7,0.0,0.0,0.0,5918.087718963623,335.54190587997437,uncertain,
2.0,7.573965072631836,7.573965072631836,2.0,1.0,0.0,0.0,0.0,0.0,0.0,0.0,0.0,0.0,0.0,0.0,2.0,0.0,WIN-CL1$,user,win_attack,2026-07-08 21:50:00+00:00,2,0.0,0.0,0.0,9999.0,9999.0,uncertain,
1.0,9999.0,9999.0,1.0,1.0,0.0,0.0,0.0,0.0,0.0,0.0,0.0,0.0,0.0,0.0,1.0,0.0,WIN-CL1$,user,win_attack,2026-07-08 22:20:00+00:00,1,0.0,0.0,0.0,1529.0445849895477,1521.470619916916,attack,T1110.001
2.0,18.339437246322632,18.339437246322632,1.0,1.0,0.0,0.0,0.0,0.0,0.0,0.0,0.0,0.0,0.0,0.0,2.0,0.0,WIN-CL1$,user,win_attack,2026-07-08 22:30:00+00:00,2,0.0,0.0,0.0,2129.0445849895477,354.21233105659485,attack,T1046
2.0,409.807785987854,409.807785987854,1.0,1.0,0.0,0.0,0.0,0.0,0.0,0.0,0.0,0.0,0.0,0.0,0.0,0.0,WIN-CL1\\coe55,user,win_attack,2026-07-08 22:00:00+00:00,2,0.0,0.0,0.0,9999.0,9999.0,attack,
47.0,5.019892153532608,0.009445905685424805,6.0,6.0,0.0,0.0,0.0,0.0,0.0,0.0,0.0,0.0,0.0,0.0,0.0,0.0,WIN-CL1\\coe55,user,win_attack,2026-07-08 22:20:00+00:00,47,0.0,0.0,0.0,1187.8732180595398,778.0654320716858,attack,T1110.001|T1136.001
34.0,3.3962012204256924,0.010120868682861328,6.0,2.0,0.0,0.0,0.0,0.0,0.0,0.0,0.0,0.0,0.0,0.0,0.0,0.0,WIN-CL1\\coe55,user,win_attack,2026-07-08 22:30:00+00:00,34,0.0,0.0,0.0,1787.8732180595398,204.88868880271912,attack,T1110.001
13.0,9.580348491668701,0.011378765106201172,6.0,6.0,0.0,0.0,0.0,0.0,0.0,0.0,0.0,0.0,0.0,0.0,0.0,0.0,WIN-CL1\\coe55,user,win_attack,2026-07-08 22:40:00+00:00,13,0.0,0.0,0.0,2387.87321805954,0.9985878467559814,attack,T1110.001|T1136.001|T1547.001
48.0,4.898009021231469,0.00920867919921875,6.0,6.0,0.0,0.0,0.0,0.0,0.0,0.0,0.0,0.0,0.0,0.0,0.0,0.0,WIN-CL1\\coe55,user,win_attack,2026-07-08 22:50:00+00:00,48,0.0,0.0,0.0,2987.87321805954,481.8756968975067,attack,T1053.005|T1110.001|T1136.001
24.0,2.985349043555882,0.012550115585327148,6.0,2.0,0.0,0.0,0.0,0.0,0.0,0.0,0.0,0.0,0.0,0.0,0.0,0.0,WIN-CL1\\coe55,user,win_attack,2026-07-08 23:00:00+00:00,24,0.0,0.0,0.0,3587.87321805954,161.6772689819336,attack,T1110.001
23.0,6.185418638316068,0.012006998062133789,6.0,6.0,0.0,0.0,0.0,0.0,0.0,0.0,0.0,0.0,0.0,0.0,0.0,0.0,WIN-CL1\\coe55,user,win_attack,2026-07-08 23:10:00+00:00,23,0.0,0.0,0.0,4187.87321805954,3.349442958831787,attack,T1110.001|T1136.001
2.0,0.020875930786132812,0.020875930786132812,2.0,2.0,0.0,0.0,0.0,0.0,0.0,0.0,0.0,0.0,0.0,0.0,0.0,0.0,WIN-CL1\\coe55,user,win_attack,2026-07-08 23:20:00+00:00,2,0.0,0.0,0.0,4787.87321805954,440.58313393592834,attack,
1.0,9999.0,9999.0,1.0,1.0,0.0,0.0,0.0,0.0,0.0,0.0,0.0,0.0,0.0,0.0,1.0,0.0,baduser1,user,win_attack,2026-07-08 22:20:00+00:00,1,0.0,0.0,0.0,9999.0,9999.0,attack,T1110.001
1.0,9999.0,9999.0,1.0,1.0,0.0,0.0,0.0,0.0,0.0,0.0,0.0,0.0,0.0,0.0,1.0,0.0,baduser1,user,win_attack,2026-07-08 22:30:00+00:00,1,0.0,0.0,0.0,413.3330891132355,413.3330891132355,attack,T1110.001
1.0,9999.0,9999.0,1.0,1.0,0.0,0.0,0.0,0.0,0.0,0.0,0.0,0.0,0.0,0.0,1.0,0.0,baduser1,user,win_attack,2026-07-08 22:50:00+00:00,1,0.0,0.0,0.0,1613.3330891132355,690.5643100738525,attack,T1110.001
1.0,9999.0,9999.0,1.0,1.0,0.0,0.0,0.0,0.0,0.0,0.0,0.0,0.0,0.0,0.0,1.0,0.0,baduser1,user,win_attack,2026-07-08 23:00:00+00:00,1,0.0,0.0,0.0,2213.3330891132355,369.4167799949646,attack,T1110.001
1.0,9999.0,9999.0,1.0,1.0,0.0,0.0,0.0,0.0,0.0,0.0,0.0,0.0,0.0,0.0,1.0,0.0,baduser10,user,win_attack,2026-07-08 22:20:00+00:00,1,0.0,0.0,0.0,9999.0,9999.0,attack,T1110.001
1.0,9999.0,9999.0,1.0,1.0,0.0,0.0,0.0,0.0,0.0,0.0,0.0,0.0,0.0,0.0,1.0,0.0,baduser10,user,win_attack,2026-07-08 22:30:00+00:00,1,0.0,0.0,0.0,375.8361918926239,375.8361918926239,attack,T1110.001
1.0,9999.0,9999.0,1.0,1.0,0.0,0.0,0.0,0.0,0.0,0.0,0.0,0.0,0.0,0.0,1.0,0.0,baduser10,user,win_attack,2026-07-08 22:50:00+00:00,1,0.0,0.0,0.0,1575.836191892624,652.731852054596,attack,T1110.001
1.0,9999.0,9999.0,1.0,1.0,0.0,0.0,0.0,0.0,0.0,0.0,0.0,0.0,0.0,0.0,1.0,0.0,baduser10,user,win_attack,2026-07-08 23:00:00+00:00,1,0.0,0.0,0.0,2175.836191892624,332.1105179786682,attack,T1110.001
1.0,9999.0,9999.0,1.0,1.0,0.0,0.0,0.0,0.0,0.0,0.0,0.0,0.0,0.0,0.0,1.0,0.0,baduser11,user,win_attack,2026-07-08 22:20:00+00:00,1,0.0,0.0,0.0,9999.0,9999.0,attack,T1110.001
1.0,9999.0,9999.0,1.0,1.0,0.0,0.0,0.0,0.0,0.0,0.0,0.0,0.0,0.0,0.0,1.0,0.0,baduser11,user,win_attack,2026-07-08 22:30:00+00:00,1,0.0,0.0,0.0,371.7136540412903,371.7136540412903,attack,T1110.001
1.0,9999.0,9999.0,1.0,1.0,0.0,0.0,0.0,0.0,0.0,0.0,0.0,0.0,0.0,0.0,1.0,0.0,baduser11,user,win_attack,2026-07-08 22:50:00+00:00,1,0.0,0.0,0.0,1571.7136540412903,648.5269491672516,attack,T1110.001
1.0,9999.0,9999.0,1.0,1.0,0.0,0.0,0.0,0.0,0.0,0.0,0.0,0.0,0.0,0.0,1.0,0.0,baduser11,user,win_attack,2026-07-08 23:00:00+00:00,1,0.0,0.0,0.0,2171.7136540412903,328.0049011707306,attack,T1110.001
1.0,9999.0,9999.0,1.0,1.0,0.0,0.0,0.0,0.0,0.0,0.0,0.0,0.0,0.0,0.0,1.0,0.0,baduser12,user,win_attack,2026-07-08 22:20:00+00:00,1,0.0,0.0,0.0,9999.0,9999.0,attack,T1110.001
1.0,9999.0,9999.0,1.0,1.0,0.0,0.0,0.0,0.0,0.0,0.0,0.0,0.0,0.0,0.0,1.0,0.0,baduser12,user,win_attack,2026-07-08 22:30:00+00:00,1,0.0,0.0,0.0,345.0374939441681,345.0374939441681,attack,T1110.001
1.0,9999.0,9999.0,1.0,1.0,0.0,0.0,0.0,0.0,0.0,0.0,0.0,0.0,0.0,0.0,1.0,0.0,baduser12,user,win_attack,2026-07-08 22:50:00+00:00,1,0.0,0.0,0.0,1545.037493944168,621.9069900512695,attack,T1110.001
1.0,9999.0,9999.0,1.0,1.0,0.0,0.0,0.0,0.0,0.0,0.0,0.0,0.0,0.0,0.0,1.0,0.0,baduser12,user,win_attack,2026-07-08 23:10:00+00:00,1,0.0,0.0,0.0,2745.037493944168,901.4296598434448,attack,T1110.001
1.0,9999.0,9999.0,1.0,1.0,0.0,0.0,0.0,0.0,0.0,0.0,0.0,0.0,0.0,0.0,1.0,0.0,baduser13,user,win_attack,2026-07-08 22:20:00+00:00,1,0.0,0.0,0.0,9999.0,9999.0,attack,T1110.001
1.0,9999.0,9999.0,1.0,1.0,0.0,0.0,0.0,0.0,0.0,0.0,0.0,0.0,0.0,0.0,1.0,0.0,baduser13,user,win_attack,2026-07-08 22:30:00+00:00,1,0.0,0.0,0.0,340.81173396110535,340.81173396110535,attack,T1110.001
1.0,9999.0,9999.0,1.0,1.0,0.0,0.0,0.0,0.0,0.0,0.0,0.0,0.0,0.0,0.0,1.0,0.0,baduser13,user,win_attack,2026-07-08 22:50:00+00:00,1,0.0,0.0,0.0,1540.8117339611053,617.6779918670654,attack,T1110.001
1.0,9999.0,9999.0,1.0,1.0,0.0,0.0,0.0,0.0,0.0,0.0,0.0,0.0,0.0,0.0,1.0,0.0,baduser13,user,win_attack,2026-07-08 23:10:00+00:00,1,0.0,0.0,0.0,2740.8117339611053,897.221107006073,attack,T1110.001
1.0,9999.0,9999.0,1.0,1.0,0.0,0.0,0.0,0.0,0.0,0.0,0.0,0.0,0.0,0.0,1.0,0.0,baduser14,user,win_attack,2026-07-08 22:20:00+00:00,1,0.0,0.0,0.0,9999.0,9999.0,attack,T1110.001
1.0,9999.0,9999.0,1.0,1.0,0.0,0.0,0.0,0.0,0.0,0.0,0.0,0.0,0.0,0.0,1.0,0.0,baduser14,user,win_attack,2026-07-08 22:30:00+00:00,1,0.0,0.0,0.0,336.6069610118866,336.6069610118866,attack,T1110.001
1.0,9999.0,9999.0,1.0,1.0,0.0,0.0,0.0,0.0,0.0,0.0,0.0,0.0,0.0,0.0,1.0,0.0,baduser14,user,win_attack,2026-07-08 22:50:00+00:00,1,0.0,0.0,0.0,1536.6069610118866,613.4949131011963,attack,T1110.001
1.0,9999.0,9999.0,1.0,1.0,0.0,0.0,0.0,0.0,0.0,0.0,0.0,0.0,0.0,0.0,1.0,0.0,baduser14,user,win_attack,2026-07-08 23:10:00+00:00,1,0.0,0.0,0.0,2736.6069610118866,893.0355179309845,attack,T1110.001
1.0,9999.0,9999.0,1.0,1.0,0.0,0.0,0.0,0.0,0.0,0.0,0.0,0.0,0.0,0.0,1.0,0.0,baduser15,user,win_attack,2026-07-08 22:20:00+00:00,1,0.0,0.0,0.0,9999.0,9999.0,attack,T1110.001
1.0,9999.0,9999.0,1.0,1.0,0.0,0.0,0.0,0.0,0.0,0.0,0.0,0.0,0.0,0.0,1.0,0.0,baduser15,user,win_attack,2026-07-08 22:30:00+00:00,1,0.0,0.0,0.0,332.40612506866455,332.40612506866455,attack,T1110.001
1.0,9999.0,9999.0,1.0,1.0,0.0,0.0,0.0,0.0,0.0,0.0,0.0,0.0,0.0,0.0,1.0,0.0,baduser15,user,win_attack,2026-07-08 22:50:00+00:00,1,0.0,0.0,0.0,1532.4061250686646,609.2794828414917,attack,T1110.001
1.0,9999.0,9999.0,1.0,1.0,0.0,0.0,0.0,0.0,0.0,0.0,0.0,0.0,0.0,0.0,1.0,0.0,baduser15,user,win_attack,2026-07-08 23:10:00+00:00,1,0.0,0.0,0.0,2732.4061250686646,888.9306638240814,attack,T1110.001
1.0,9999.0,9999.0,1.0,1.0,0.0,0.0,0.0,0.0,0.0,0.0,0.0,0.0,0.0,0.0,1.0,0.0,baduser16,user,win_attack,2026-07-08 22:20:00+00:00,1,0.0,0.0,0.0,9999.0,9999.0,attack,T1110.001
1.0,9999.0,9999.0,1.0,1.0,0.0,0.0,0.0,0.0,0.0,0.0,0.0,0.0,0.0,0.0,1.0,0.0,baduser16,user,win_attack,2026-07-08 22:30:00+00:00,1,0.0,0.0,0.0,328.2433338165283,328.2433338165283,attack,T1110.001
1.0,9999.0,9999.0,1.0,1.0,0.0,0.0,0.0,0.0,0.0,0.0,0.0,0.0,0.0,0.0,1.0,0.0,baduser16,user,win_attack,2026-07-08 22:50:00+00:00,1,0.0,0.0,0.0,1528.2433338165283,605.1074290275574,attack,T1110.001
1.0,9999.0,9999.0,1.0,1.0,0.0,0.0,0.0,0.0,0.0,0.0,0.0,0.0,0.0,0.0,1.0,0.0,baduser16,user,win_attack,2026-07-08 23:10:00+00:00,1,0.0,0.0,0.0,2728.2433338165283,884.8241322040558,attack,T1110.001
1.0,9999.0,9999.0,1.0,1.0,0.0,0.0,0.0,0.0,0.0,0.0,0.0,0.0,0.0,0.0,1.0,0.0,baduser17,user,win_attack,2026-07-08 22:20:00+00:00,1,0.0,0.0,0.0,9999.0,9999.0,attack,T1110.001
1.0,9999.0,9999.0,1.0,1.0,0.0,0.0,0.0,0.0,0.0,0.0,0.0,0.0,0.0,0.0,1.0,0.0,baduser17,user,win_attack,2026-07-08 22:30:00+00:00,1,0.0,0.0,0.0,324.1216690540314,324.1216690540314,attack,T1110.001
1.0,9999.0,9999.0,1.0,1.0,0.0,0.0,0.0,0.0,0.0,0.0,0.0,0.0,0.0,0.0,1.0,0.0,baduser17,user,win_attack,2026-07-08 22:50:00+00:00,1,0.0,0.0,0.0,1524.1216690540314,600.9660789966583,attack,T1110.001
1.0,9999.0,9999.0,1.0,1.0,0.0,0.0,0.0,0.0,0.0,0.0,0.0,0.0,0.0,0.0,1.0,0.0,baduser17,user,win_attack,2026-07-08 23:10:00+00:00,1,0.0,0.0,0.0,2724.1216690540314,880.7271020412445,attack,T1110.001
1.0,9999.0,9999.0,1.0,1.0,0.0,0.0,0.0,0.0,0.0,0.0,0.0,0.0,0.0,0.0,1.0,0.0,baduser18,user,win_attack,2026-07-08 22:20:00+00:00,1,0.0,0.0,0.0,9999.0,9999.0,attack,T1110.001
1.0,9999.0,9999.0,1.0,1.0,0.0,0.0,0.0,0.0,0.0,0.0,0.0,0.0,0.0,0.0,1.0,0.0,baduser18,user,win_attack,2026-07-08 22:40:00+00:00,1,0.0,0.0,0.0,919.9123330116272,919.9123330116272,attack,T1110.001
1.0,9999.0,9999.0,1.0,1.0,0.0,0.0,0.0,0.0,0.0,0.0,0.0,0.0,0.0,0.0,1.0,0.0,baduser18,user,win_attack,2026-07-08 22:50:00+00:00,1,0.0,0.0,0.0,1519.9123330116272,596.7984261512756,attack,T1110.001
1.0,9999.0,9999.0,1.0,1.0,0.0,0.0,0.0,0.0,0.0,0.0,0.0,0.0,0.0,0.0,1.0,0.0,baduser18,user,win_attack,2026-07-08 23:10:00+00:00,1,0.0,0.0,0.0,2719.912333011627,876.5244228839874,attack,T1110.001
1.0,9999.0,9999.0,1.0,1.0,0.0,0.0,0.0,0.0,0.0,0.0,0.0,0.0,0.0,0.0,1.0,0.0,baduser19,user,win_attack,2026-07-08 22:20:00+00:00,1,0.0,0.0,0.0,9999.0,9999.0,attack,T1110.001
1.0,9999.0,9999.0,1.0,1.0,0.0,0.0,0.0,0.0,0.0,0.0,0.0,0.0,0.0,0.0,1.0,0.0,baduser19,user,win_attack,2026-07-08 22:40:00+00:00,1,0.0,0.0,0.0,915.7016670703888,915.7016670703888,attack,T1110.001
1.0,9999.0,9999.0,1.0,1.0,0.0,0.0,0.0,0.0,0.0,0.0,0.0,0.0,0.0,0.0,1.0,0.0,baduser19,user,win_attack,2026-07-08 22:50:00+00:00,1,0.0,0.0,0.0,1515.7016670703888,592.5955278873444,attack,T1110.001
1.0,9999.0,9999.0,1.0,1.0,0.0,0.0,0.0,0.0,0.0,0.0,0.0,0.0,0.0,0.0,1.0,0.0,baduser19,user,win_attack,2026-07-08 23:10:00+00:00,1,0.0,0.0,0.0,2715.701667070389,872.336982011795,attack,T1110.001
1.0,9999.0,9999.0,1.0,1.0,0.0,0.0,0.0,0.0,0.0,0.0,0.0,0.0,0.0,0.0,1.0,0.0,baduser2,user,win_attack,2026-07-08 22:20:00+00:00,1,0.0,0.0,0.0,9999.0,9999.0,attack,T1110.001
1.0,9999.0,9999.0,1.0,1.0,0.0,0.0,0.0,0.0,0.0,0.0,0.0,0.0,0.0,0.0,1.0,0.0,baduser2,user,win_attack,2026-07-08 22:30:00+00:00,1,0.0,0.0,0.0,409.1182310581207,409.1182310581207,attack,T1110.001
1.0,9999.0,9999.0,1.0,1.0,0.0,0.0,0.0,0.0,0.0,0.0,0.0,0.0,0.0,0.0,1.0,0.0,baduser2,user,win_attack,2026-07-08 22:50:00+00:00,1,0.0,0.0,0.0,1609.1182310581207,686.3271639347076,attack,T1110.001
1.0,9999.0,9999.0,1.0,1.0,0.0,0.0,0.0,0.0,0.0,0.0,0.0,0.0,0.0,0.0,1.0,0.0,baduser2,user,win_attack,2026-07-08 23:00:00+00:00,1,0.0,0.0,0.0,2209.1182310581207,365.2216958999634,attack,T1110.001
1.0,9999.0,9999.0,1.0,1.0,0.0,0.0,0.0,0.0,0.0,0.0,0.0,0.0,0.0,0.0,1.0,0.0,baduser20,user,win_attack,2026-07-08 22:20:00+00:00,1,0.0,0.0,0.0,9999.0,9999.0,attack,T1110.001
1.0,9999.0,9999.0,1.0,1.0,0.0,0.0,0.0,0.0,0.0,0.0,0.0,0.0,0.0,0.0,1.0,0.0,baduser20,user,win_attack,2026-07-08 22:40:00+00:00,1,0.0,0.0,0.0,911.5321898460388,911.5321898460388,attack,T1110.001
1.0,9999.0,9999.0,1.0,1.0,0.0,0.0,0.0,0.0,0.0,0.0,0.0,0.0,0.0,0.0,1.0,0.0,baduser20,user,win_attack,2026-07-08 22:50:00+00:00,1,0.0,0.0,0.0,1511.5321898460388,588.4808690547943,attack,T1110.001
1.0,9999.0,9999.0,1.0,1.0,0.0,0.0,0.0,0.0,0.0,0.0,0.0,0.0,0.0,0.0,1.0,0.0,baduser20,user,win_attack,2026-07-08 23:10:00+00:00,1,0.0,0.0,0.0,2711.532189846039,868.2242360115051,attack,T1110.001
1.0,9999.0,9999.0,1.0,1.0,0.0,0.0,0.0,0.0,0.0,0.0,0.0,0.0,0.0,0.0,1.0,0.0,baduser3,user,win_attack,2026-07-08 22:20:00+00:00,1,0.0,0.0,0.0,9999.0,9999.0,attack,T1110.001
1.0,9999.0,9999.0,1.0,1.0,0.0,0.0,0.0,0.0,0.0,0.0,0.0,0.0,0.0,0.0,1.0,0.0,baduser3,user,win_attack,2026-07-08 22:30:00+00:00,1,0.0,0.0,0.0,404.9323809146881,404.9323809146881,attack,T1110.001
1.0,9999.0,9999.0,1.0,1.0,0.0,0.0,0.0,0.0,0.0,0.0,0.0,0.0,0.0,0.0,1.0,0.0,baduser3,user,win_attack,2026-07-08 22:50:00+00:00,1,0.0,0.0,0.0,1604.932380914688,682.1214489936829,attack,T1110.001
1.0,9999.0,9999.0,1.0,1.0,0.0,0.0,0.0,0.0,0.0,0.0,0.0,0.0,0.0,0.0,1.0,0.0,baduser3,user,win_attack,2026-07-08 23:00:00+00:00,1,0.0,0.0,0.0,2204.932380914688,361.1128640174866,attack,T1110.001
1.0,9999.0,9999.0,1.0,1.0,0.0,0.0,0.0,0.0,0.0,0.0,0.0,0.0,0.0,0.0,1.0,0.0,baduser4,user,win_attack,2026-07-08 22:20:00+00:00,1,0.0,0.0,0.0,9999.0,9999.0,attack,T1110.001
1.0,9999.0,9999.0,1.0,1.0,0.0,0.0,0.0,0.0,0.0,0.0,0.0,0.0,0.0,0.0,1.0,0.0,baduser4,user,win_attack,2026-07-08 22:30:00+00:00,1,0.0,0.0,0.0,400.8083350658417,400.8083350658417,attack,T1110.001
1.0,9999.0,9999.0,1.0,1.0,0.0,0.0,0.0,0.0,0.0,0.0,0.0,0.0,0.0,0.0,1.0,0.0,baduser4,user,win_attack,2026-07-08 22:50:00+00:00,1,0.0,0.0,0.0,1600.8083350658417,677.9145081043243,attack,T1110.001
1.0,9999.0,9999.0,1.0,1.0,0.0,0.0,0.0,0.0,0.0,0.0,0.0,0.0,0.0,0.0,1.0,0.0,baduser4,user,win_attack,2026-07-08 23:00:00+00:00,1,0.0,0.0,0.0,2200.8083350658417,356.9027440547943,attack,T1110.001
1.0,9999.0,9999.0,1.0,1.0,0.0,0.0,0.0,0.0,0.0,0.0,0.0,0.0,0.0,0.0,1.0,0.0,baduser5,user,win_attack,2026-07-08 22:20:00+00:00,1,0.0,0.0,0.0,9999.0,9999.0,attack,T1110.001
1.0,9999.0,9999.0,1.0,1.0,0.0,0.0,0.0,0.0,0.0,0.0,0.0,0.0,0.0,0.0,1.0,0.0,baduser5,user,win_attack,2026-07-08 22:30:00+00:00,1,0.0,0.0,0.0,396.6063940525055,396.6063940525055,attack,T1110.001
1.0,9999.0,9999.0,1.0,1.0,0.0,0.0,0.0,0.0,0.0,0.0,0.0,0.0,0.0,0.0,1.0,0.0,baduser5,user,win_attack,2026-07-08 22:50:00+00:00,1,0.0,0.0,0.0,1596.6063940525055,673.7347860336304,attack,T1110.001
1.0,9999.0,9999.0,1.0,1.0,0.0,0.0,0.0,0.0,0.0,0.0,0.0,0.0,0.0,0.0,1.0,0.0,baduser5,user,win_attack,2026-07-08 23:00:00+00:00,1,0.0,0.0,0.0,2196.6063940525055,352.7129158973694,attack,T1110.001
1.0,9999.0,9999.0,1.0,1.0,0.0,0.0,0.0,0.0,0.0,0.0,0.0,0.0,0.0,0.0,1.0,0.0,baduser6,user,win_attack,2026-07-08 22:20:00+00:00,1,0.0,0.0,0.0,9999.0,9999.0,attack,T1110.001
1.0,9999.0,9999.0,1.0,1.0,0.0,0.0,0.0,0.0,0.0,0.0,0.0,0.0,0.0,0.0,1.0,0.0,baduser6,user,win_attack,2026-07-08 22:30:00+00:00,1,0.0,0.0,0.0,392.43026208877563,392.43026208877563,attack,T1110.001
1.0,9999.0,9999.0,1.0,1.0,0.0,0.0,0.0,0.0,0.0,0.0,0.0,0.0,0.0,0.0,1.0,0.0,baduser6,user,win_attack,2026-07-08 22:50:00+00:00,1,0.0,0.0,0.0,1592.4302620887756,669.5244128704071,attack,T1110.001
1.0,9999.0,9999.0,1.0,1.0,0.0,0.0,0.0,0.0,0.0,0.0,0.0,0.0,0.0,0.0,1.0,0.0,baduser6,user,win_attack,2026-07-08 23:00:00+00:00,1,0.0,0.0,0.0,2192.4302620887756,348.6237750053406,attack,T1110.001
1.0,9999.0,9999.0,1.0,1.0,0.0,0.0,0.0,0.0,0.0,0.0,0.0,0.0,0.0,0.0,1.0,0.0,baduser7,user,win_attack,2026-07-08 22:20:00+00:00,1,0.0,0.0,0.0,9999.0,9999.0,attack,T1110.001
1.0,9999.0,9999.0,1.0,1.0,0.0,0.0,0.0,0.0,0.0,0.0,0.0,0.0,0.0,0.0,1.0,0.0,baduser7,user,win_attack,2026-07-08 22:30:00+00:00,1,0.0,0.0,0.0,388.3346748352051,388.3346748352051,attack,T1110.001
1.0,9999.0,9999.0,1.0,1.0,0.0,0.0,0.0,0.0,0.0,0.0,0.0,0.0,0.0,0.0,1.0,0.0,baduser7,user,win_attack,2026-07-08 22:50:00+00:00,1,0.0,0.0,0.0,1588.334674835205,665.3060870170593,attack,T1110.001
1.0,9999.0,9999.0,1.0,1.0,0.0,0.0,0.0,0.0,0.0,0.0,0.0,0.0,0.0,0.0,1.0,0.0,baduser7,user,win_attack,2026-07-08 23:00:00+00:00,1,0.0,0.0,0.0,2188.334674835205,344.46737408638,attack,T1110.001
1.0,9999.0,9999.0,1.0,1.0,0.0,0.0,0.0,0.0,0.0,0.0,0.0,0.0,0.0,0.0,1.0,0.0,baduser8,user,win_attack,2026-07-08 22:20:00+00:00,1,0.0,0.0,0.0,9999.0,9999.0,attack,T1110.001
1.0,9999.0,9999.0,1.0,1.0,0.0,0.0,0.0,0.0,0.0,0.0,0.0,0.0,0.0,0.0,1.0,0.0,baduser8,user,win_attack,2026-07-08 22:30:00+00:00,1,0.0,0.0,0.0,384.19826197624207,384.19826197624207,attack,T1110.001
1.0,9999.0,9999.0,1.0,1.0,0.0,0.0,0.0,0.0,0.0,0.0,0.0,0.0,0.0,0.0,1.0,0.0,baduser8,user,win_attack,2026-07-08 22:50:00+00:00,1,0.0,0.0,0.0,1584.198261976242,661.1400871276855,attack,T1110.001
1.0,9999.0,9999.0,1.0,1.0,0.0,0.0,0.0,0.0,0.0,0.0,0.0,0.0,0.0,0.0,1.0,0.0,baduser8,user,win_attack,2026-07-08 23:00:00+00:00,1,0.0,0.0,0.0,2184.198261976242,340.3151581287384,attack,T1110.001
1.0,9999.0,9999.0,1.0,1.0,0.0,0.0,0.0,0.0,0.0,0.0,0.0,0.0,0.0,0.0,1.0,0.0,baduser9,user,win_attack,2026-07-08 22:20:00+00:00,1,0.0,0.0,0.0,9999.0,9999.0,attack,T1110.001
1.0,9999.0,9999.0,1.0,1.0,0.0,0.0,0.0,0.0,0.0,0.0,0.0,0.0,0.0,0.0,1.0,0.0,baduser9,user,win_attack,2026-07-08 22:30:00+00:00,1,0.0,0.0,0.0,380.02874183654785,380.02874183654785,attack,T1110.001
1.0,9999.0,9999.0,1.0,1.0,0.0,0.0,0.0,0.0,0.0,0.0,0.0,0.0,0.0,0.0,1.0,0.0,baduser9,user,win_attack,2026-07-08 22:50:00+00:00,1,0.0,0.0,0.0,1580.0287418365479,656.9296708106995,attack,T1110.001
1.0,9999.0,9999.0,1.0,1.0,0.0,0.0,0.0,0.0,0.0,0.0,0.0,0.0,0.0,0.0,1.0,0.0,baduser9,user,win_attack,2026-07-08 23:00:00+00:00,1,0.0,0.0,0.0,2180.028741836548,336.2304220199585,attack,T1110.001
4.0,0.08542299270629883,8.821487426757812e-06,4.0,1.0,0.0,0.0,0.0,0.0,0.0,0.0,0.0,0.0,0.0,0.0,0.0,0.0,lab-user-1,user,win_attack,2026-07-08 21:50:00+00:00,4,0.0,0.0,0.0,9999.0,9999.0,uncertain,
4.0,0.050470431645711265,8.106231689453125e-06,4.0,1.0,0.0,0.0,0.0,0.0,0.0,0.0,0.0,0.0,0.0,0.0,0.0,0.0,lab-user-1,user,win_attack,2026-07-08 22:20:00+00:00,4,0.0,0.0,0.0,1513.5141229629517,1513.2578539848328,attack,T1110.001
4.0,0.07441933949788411,8.821487426757812e-06,4.0,1.0,0.0,0.0,0.0,0.0,0.0,0.0,0.0,0.0,0.0,0.0,0.0,0.0,lab-user-1,user,win_attack,2026-07-08 22:30:00+00:00,4,0.0,0.0,0.0,2113.5141229629517,348.3960268497467,attack,T1046
4.0,0.05555097262064616,8.821487426757812e-06,4.0,1.0,0.0,0.0,0.0,0.0,0.0,0.0,0.0,0.0,0.0,0.0,0.0,0.0,lab-user-1,user,win_attack,2026-07-08 23:00:00+00:00,4,0.0,0.0,0.0,3913.5141229629517,1618.9331579208374,attack,T1046
4.0,0.06150031089782715,6.9141387939453125e-06,4.0,1.0,0.0,0.0,0.0,0.0,0.0,0.0,0.0,0.0,0.0,0.0,0.0,0.0,lab-user-1,user,win_attack,2026-07-08 23:20:00+00:00,4,0.0,0.0,0.0,5113.514122962952,803.4340250492096,uncertain,
54.0,10.809452830620533,0.0,22.0,14.0,0.0,0.0,0.0,0.0,0.0,0.0,0.0,0.0,0.0,0.0,0.0,0.0,__GLOBAL__,global,win_benign,2026-07-12 11:30:00+00:00,54,0.0,0.0,0.0,9999.0,9999.0,benign,
35.0,15.844735292827382,0.0009999275207519531,15.0,7.0,0.0,0.0,0.0,0.0,0.0,0.0,0.0,0.0,0.0,0.0,0.0,0.0,__GLOBAL__,global,win_benign,2026-07-12 11:40:00+00:00,35,0.0,0.0,0.0,581.0499999523163,8.1489999294281,benign,
21.0,28.979100012779234,1.248000144958496,1.0,2.0,0.0,0.0,0.0,0.0,0.0,0.0,0.0,0.0,0.0,0.0,0.0,0.0,__GLOBAL__,global,win_benign,2026-07-12 11:50:00+00:00,21,0.0,0.0,0.0,1181.0499999523163,41.76799988746643,benign,
14.0,42.29523077377906,1.4900000095367432,2.0,3.0,0.0,0.0,0.0,0.0,0.0,0.0,0.0,0.0,0.0,0.0,0.0,0.0,__GLOBAL__,global,win_benign,2026-07-12 12:00:00+00:00,14,0.0,0.0,0.0,1781.0499999523163,19.13699984550476,benign,
20.0,30.5330526326832,0.003999948501586914,3.0,2.0,0.0,0.0,0.0,0.0,0.0,0.0,0.0,0.0,0.0,0.0,0.0,0.0,__GLOBAL__,global,win_benign,2026-07-12 12:10:00+00:00,20,0.0,0.0,0.0,2381.0499999523163,24.76900005340576,benign,
18.0,32.34205882689532,3.9149999618530273,1.0,4.0,0.0,0.0,0.0,0.0,0.0,0.0,0.0,0.0,0.0,0.0,0.0,0.0,__GLOBAL__,global,win_benign,2026-07-12 12:20:00+00:00,18,0.0,0.0,0.0,2981.0499999523163,15.605000019073486,benign,
17.0,34.47181248664856,0.08100008964538574,2.0,5.0,0.0,0.0,0.0,0.0,0.0,0.0,0.0,0.0,0.0,0.0,0.0,0.0,__GLOBAL__,global,win_benign,2026-07-12 12:30:00+00:00,17,0.0,0.0,0.0,3581.0499999523163,21.489999771118164,benign,
21.0,28.826600003242493,0.003999948501586914,4.0,4.0,0.0,0.0,0.0,0.0,0.0,0.0,0.0,0.0,0.0,0.0,0.0,0.0,__GLOBAL__,global,win_benign,2026-07-12 12:40:00+00:00,21,0.0,0.0,0.0,4181.049999952316,30.6780002117157,benign,
1.0,9999.0,9999.0,1.0,1.0,0.0,0.0,0.0,0.0,0.0,0.0,0.0,0.0,0.0,0.0,0.0,0.0,__GLOBAL__,global,win_benign,2026-07-12 12:50:00+00:00,1,0.0,0.0,0.0,4781.049999952316,1.8550000190734863,benign,
17.0,27.551687493920326,0.0,14.0,2.0,0.0,0.0,0.0,0.0,0.0,0.0,0.0,0.0,0.0,0.0,0.0,0.0,NT AUTHORITY\\SYSTEM,user,win_benign,2026-07-12 11:30:00+00:00,17,0.0,0.0,0.0,9999.0,9999.0,benign,
15.0,27.48750000340598,0.0009999275207519531,14.0,2.0,0.0,0.0,0.0,0.0,0.0,0.0,0.0,0.0,0.0,0.0,0.0,0.0,NT AUTHORITY\\SYSTEM,user,win_benign,2026-07-12 11:40:00+00:00,15,0.0,0.0,0.0,581.0499999523163,140.22300004959106,benign,
1.0,9999.0,9999.0,1.0,1.0,0.0,0.0,0.0,0.0,0.0,0.0,0.0,0.0,0.0,0.0,0.0,0.0,NT AUTHORITY\\SYSTEM,user,win_benign,2026-07-12 12:20:00+00:00,1,0.0,0.0,0.0,2981.0499999523163,1939.4739999771118,benign,
1.0,9999.0,9999.0,1.0,1.0,0.0,0.0,0.0,0.0,0.0,0.0,0.0,0.0,0.0,0.0,0.0,0.0,NT AUTHORITY\\SYSTEM,user,win_benign,2026-07-12 12:30:00+00:00,1,0.0,0.0,0.0,3581.0499999523163,502.68499994277954,benign,
16.0,38.15846667289734,0.003000020980834961,6.0,1.0,0.0,0.0,0.0,0.0,0.0,0.0,0.0,0.0,0.0,0.0,0.0,0.0,SYSTEM,user,win_benign,2026-07-12 11:30:00+00:00,16,0.0,0.0,0.0,9999.0,9999.0,benign,
8.0,63.020857095718384,19.23699975013733,1.0,1.0,0.0,0.0,0.0,0.0,0.0,0.0,0.0,0.0,0.0,0.0,0.0,0.0,SYSTEM,user,win_benign,2026-07-12 11:40:00+00:00,8,0.0,0.0,0.0,580.5260000228882,8.1489999294281,benign,
6.0,82.23959994316101,1.5309996604919434,2.0,1.0,0.0,0.0,0.0,0.0,0.0,0.0,0.0,0.0,0.0,0.0,0.0,0.0,SYSTEM,user,win_benign,2026-07-12 11:50:00+00:00,6,0.0,0.0,0.0,1180.5260000228882,139.34300017356873,benign,
1.0,9999.0,9999.0,1.0,1.0,0.0,0.0,0.0,0.0,0.0,0.0,0.0,0.0,0.0,0.0,0.0,0.0,SYSTEM,user,win_benign,2026-07-12 12:00:00+00:00,1,0.0,0.0,0.0,1780.5260000228882,117.78700017929077,benign,
7.0,66.16250002384186,0.003999948501586914,3.0,1.0,0.0,0.0,0.0,0.0,0.0,0.0,0.0,0.0,0.0,0.0,0.0,0.0,SYSTEM,user,win_benign,2026-07-12 12:10:00+00:00,7,0.0,0.0,0.0,2380.526000022888,349.0720000267029,benign,
3.0,240.4944999217987,128.7979998588562,1.0,1.0,0.0,0.0,0.0,0.0,0.0,0.0,0.0,0.0,0.0,0.0,0.0,0.0,SYSTEM,user,win_benign,2026-07-12 12:20:00+00:00,3,0.0,0.0,0.0,2980.526000022888,181.56499981880188,benign,
2.0,61.67199993133545,61.67199993133545,1.0,1.0,0.0,0.0,0.0,0.0,0.0,0.0,0.0,0.0,0.0,0.0,0.0,0.0,SYSTEM,user,win_benign,2026-07-12 12:30:00+00:00,2,0.0,0.0,0.0,3580.526000022888,46.73200011253357,benign,
6.0,90.76199998855591,0.003999948501586914,2.0,1.0,0.0,0.0,0.0,0.0,0.0,0.0,0.0,0.0,0.0,0.0,0.0,0.0,SYSTEM,user,win_benign,2026-07-12 12:40:00+00:00,6,0.0,0.0,0.0,4180.526000022888,205.52800011634827,benign,
1.0,9999.0,9999.0,1.0,1.0,0.0,0.0,0.0,0.0,0.0,0.0,0.0,0.0,0.0,0.0,0.0,0.0,SYSTEM,user,win_benign,2026-07-12 12:50:00+00:00,1,0.0,0.0,0.0,4780.526000022888,1.8550000190734863,benign,
11.0,0.016499996185302734,0.0,11.0,3.0,0.0,0.0,0.0,0.0,0.0,0.0,0.0,0.0,0.0,0.0,0.0,0.0,WIN-CL1\\coe55,user,win_benign,2026-07-12 11:30:00+00:00,11,0.0,0.0,0.0,9999.0,9999.0,benign,
4.0,38.36433331171671,27.64400005340576,1.0,1.0,0.0,0.0,0.0,0.0,0.0,0.0,0.0,0.0,0.0,0.0,0.0,0.0,WIN-CL1\\coe55,user,win_benign,2026-07-12 11:40:00+00:00,4,0.0,0.0,0.0,577.0680000782013,576.9030001163483,benign,
15.0,41.39871430397034,24.884000062942505,1.0,1.0,0.0,0.0,0.0,0.0,0.0,0.0,0.0,0.0,0.0,0.0,0.0,0.0,WIN-CL1\\coe55,user,win_benign,2026-07-12 11:50:00+00:00,15,0.0,0.0,0.0,1177.0680000782013,41.76799988746643,benign,
12.0,49.985272732647985,37.74199986457825,1.0,1.0,0.0,0.0,0.0,0.0,0.0,0.0,0.0,0.0,0.0,0.0,0.0,0.0,WIN-CL1\\coe55,user,win_benign,2026-07-12 12:00:00+00:00,12,0.0,0.0,0.0,1777.0680000782013,19.13699984550476,benign,
13.0,48.344000001748405,31.236000061035156,1.0,1.0,0.0,0.0,0.0,0.0,0.0,0.0,0.0,0.0,0.0,0.0,0.0,0.0,WIN-CL1\\coe55,user,win_benign,2026-07-12 12:10:00+00:00,13,0.0,0.0,0.0,2377.0680000782013,24.76900005340576,benign,
13.0,45.817916671435036,28.307999849319458,1.0,1.0,0.0,0.0,0.0,0.0,0.0,0.0,0.0,0.0,0.0,0.0,0.0,0.0,WIN-CL1\\coe55,user,win_benign,2026-07-12 12:20:00+00:00,13,0.0,0.0,0.0,2977.0680000782013,15.605000019073486,benign,
12.0,50.140818162397906,38.179999589920044,1.0,1.0,0.0,0.0,0.0,0.0,0.0,0.0,0.0,0.0,0.0,0.0,0.0,0.0,WIN-CL1\\coe55,user,win_benign,2026-07-12 12:30:00+00:00,12,0.0,0.0,0.0,3577.0680000782013,21.489999771118164,benign,
9.0,50.49099999666214,26.266000270843506,1.0,1.0,0.0,0.0,0.0,0.0,0.0,0.0,0.0,0.0,0.0,0.0,0.0,0.0,WIN-CL1\\coe55,user,win_benign,2026-07-12 12:40:00+00:00,9,0.0,0.0,0.0,4177.068000078201,30.6780002117157,benign,
4.0,0.03433330853780111,0.018000125885009766,4.0,1.0,0.0,0.0,0.0,0.0,0.0,0.0,0.0,0.0,0.0,0.0,0.0,0.0,lab-user-1,user,win_benign,2026-07-12 11:40:00+00:00,4,0.0,0.0,0.0,9999.0,9999.0,benign,
4.0,0.026666641235351562,0.01699995994567871,4.0,1.0,0.0,0.0,0.0,0.0,0.0,0.0,0.0,0.0,0.0,0.0,0.0,0.0,lab-user-1,user,win_benign,2026-07-12 12:40:00+00:00,4,0.0,0.0,0.0,3203.135999917984,3203.0329999923706,benign,
