task,candidate,calib_n,percentile_used,theta_calibrated,fpr_at_calibrated,theta_sign,fpr_at_sign,row,recall_T1110,recall_T1136,overall_recall,fpr,f1,saturated,tp,fp,tn,fn,model,T1110.001,T1136.001,T1053.003,T1543.002,T1546.004,T1098.004,windows_f1,windows_fpr,linux_novel_recall_before,linux_novel_recall_after,linux_recall_delta_pp,linux_fpr_before,linux_fpr_after,linux_fpr_delta_pp,linux_f1_delta,flag,routing,delta_recall_pp,delta_fpr_pp,verdict
1_calibration,C1_win_native,3398.0,90.0,-0.4604757619445408,0.100058858151854,0.0,0.0765155974102413,,,,,,,,,,,,,,,,,,,,,,,,,,,,,,,,
1_calibration,C2_xplatform_v7,3398.0,90.0,-0.2372209713915367,0.1003531489111242,0.0,0.0650382577987051,,,,,,,,,,,,,,,,,,,,,,,,,,,,,,,,
1_calibration,C3_xplatform_v8,3398.0,90.0,-0.3988828481789819,0.100058858151854,0.0,0.0479693937610359,,,,,,,,,,,,,,,,,,,,,,,,,,,,,,,,
1_calibration,REF_linux_only_normalized,3398.0,90.0,160.86930826540726,0.1271336080047086,0.0,1.0,,,,,,,,,,,,,,,,,,,,,,,,,,,,,,,,
2_windows_headline,,,,,,,,Table7.5_baseline_unnormalized_26feat,160 of 160,8 of 8,1.0,0.7512437810945274,0.6899383983572894,True,168.0,151.0,50.0,0.0,,,,,,,,,,,,,,,,,,,,,
2_windows_headline,,,,,,,,Table7.5_baseline_normalized_22feat,160 of 160,8 of 8,1.0,1.0,0.6256983240223464,True,168.0,201.0,0.0,0.0,,,,,,,,,,,,,,,,,,,,,
2_windows_headline,,,,,,,,C1_win_native,121 of 160,8 of 8,0.7678571428571429,0.1641791044776119,0.7818181818181819,False,129.0,33.0,168.0,39.0,,,,,,,,,,,,,,,,,,,,,
2_windows_headline,,,,,,,,C2_xplatform_v7,124 of 160,8 of 8,0.7857142857142857,0.1492537313432835,0.7999999999999999,False,132.0,30.0,171.0,36.0,,,,,,,,,,,,,,,,,,,,,
2_windows_headline,,,,,,,,C3_xplatform_v8,122 of 160,8 of 8,0.7738095238095238,0.1492537313432835,0.7926829268292684,False,130.0,30.0,171.0,38.0,,,,,,,,,,,,,,,,,,,,,
3a_linux_same_space,,,,,,,,,,,1.0,1.0,0.6962457337883959,,306.0,267.0,0.0,0.0,REF_linux_only_normalized,119 of 119,187 of 187,79 of 79,79 of 79,79 of 79,96 of 96,,,,,,,,,,,,,,
3a_linux_same_space,,,,,,,,,,,0.477124183006536,0.0561797752808988,0.6252676659528908,,146.0,15.0,252.0,160.0,C1_win_native,119 of 119,27 of 187,12 of 79,12 of 79,12 of 79,3 of 96,,,,,,,,,,,,,,
3a_linux_same_space,,,,,,,,,,,0.4379084967320261,0.0149812734082397,0.6036036036036035,,134.0,4.0,263.0,172.0,C2_xplatform_v7,119 of 119,15 of 187,12 of 79,12 of 79,12 of 79,3 of 96,,,,,,,,,,,,,,
3a_linux_same_space,,,,,,,,,,,0.477124183006536,0.0524344569288389,0.6266094420600858,,146.0,14.0,253.0,160.0,C3_xplatform_v8,119 of 119,27 of 187,12 of 79,12 of 79,12 of 79,3 of 96,,,,,,,,,,,,,,
3_tradeoff,C1_win_native,,,,,,,,,,,,,,,,,,,,,,,,,0.7818181818181819,0.1641791044776119,1.0,0.477124183006536,-52.2875816993464,1.0,0.0561797752808988,-94.3820224719101,-0.070978067835505,REGRESSION >few pts,,,,
3_tradeoff,C2_xplatform_v7,,,,,,,,,,,,,,,,,,,,,,,,,0.7999999999999999,0.1492537313432835,1.0,0.4379084967320261,-56.209150326797385,1.0,0.0149812734082397,-98.50187265917604,-0.0926421301847923,REGRESSION >few pts,,,,
3_tradeoff,C3_xplatform_v8,,,,,,,,,,,,,,,,,,,,,,,,,0.7926829268292684,0.1492537313432835,1.0,0.477124183006536,-52.2875816993464,1.0,0.0524344569288389,-94.7565543071161,-0.0696362917283101,REGRESSION >few pts,,,,
4_l1_routing,L1_alone,,,,,,,,0 of 160,0 of 8,0.0,0.0,0.0,,,,,,,,,,,,,,,,,,,,,,,L1_only,,,
4_l1_routing,C1_win_native,,,,,,,,121 of 160,8 of 8,0.7678571428571429,0.1641791044776119,0.7818181818181819,,,,,,,,,,,,,,,,,,,,,,,L2_only,,,
4_l1_routing,C1_win_native,,,,,,,,121 of 160,8 of 8,0.7678571428571429,0.1641791044776119,0.7818181818181819,,,,,,,,,,,,,,,,,,,,,,,L1_recalib_plus_L2,0.0,5.551115123125783e-15,~no change
4_l1_routing,C2_xplatform_v7,,,,,,,,124 of 160,8 of 8,0.7857142857142857,0.1492537313432835,0.7999999999999999,,,,,,,,,,,,,,,,,,,,,,,L2_only,,,
4_l1_routing,C2_xplatform_v7,,,,,,,,124 of 160,8 of 8,0.7857142857142857,0.1492537313432835,0.7999999999999999,,,,,,,,,,,,,,,,,,,,,,,L1_recalib_plus_L2,0.0,5.551115123125783e-15,~no change
4_l1_routing,C3_xplatform_v8,,,,,,,,122 of 160,8 of 8,0.7738095238095238,0.1492537313432835,0.7926829268292684,,,,,,,,,,,,,,,,,,,,,,,L2_only,,,
4_l1_routing,C3_xplatform_v8,,,,,,,,122 of 160,8 of 8,0.7738095238095238,0.1492537313432835,0.7926829268292684,,,,,,,,,,,,,,,,,,,,,,,L1_recalib_plus_L2,0.0,5.551115123125783e-15,~no change
