rank,feature,bucket,mean_abs_shap,shap_pct
1,is_web_attack,RULE-CORRELATED,3.1747324,62.8029
2,unique_src_ip_10min,BEHAVIORAL,0.51775736,10.2423
3,desc_len,RULE-IDENTITY,0.44740894,8.8507
4,rule_id_encoded,RULE-IDENTITY,0.38676608,7.6510
5,time_since_last_high,BEHAVIORAL,0.17916192,3.5442
6,mitre_tactic_id,RULE-CORRELATED,0.088891536,1.7585
7,alert_rate_1min,BEHAVIORAL,0.06896411,1.3643
8,rule_level,RULE-IDENTITY,0.043141853,0.8534
9,kw_root,RULE-CORRELATED,0.038874757,0.7690
10,scan_preceded,RULE-CORRELATED,0.034320626,0.6789
11,rule_diversity_10min,RULE-CORRELATED,0.03175633,0.6282
12,kw_privilege,RULE-CORRELATED,0.012603635,0.2493
13,kill_chain_stage,RULE-CORRELATED,0.012418742,0.2457
14,high_sev_ratio_20,RULE-CORRELATED,0.007474736,0.1479
15,failed_login_5min,RULE-CORRELATED,0.0061895424,0.1224
16,kw_scan,RULE-CORRELATED,0.0012894691,0.0255
17,kw_denied,RULE-CORRELATED,0.0012175213,0.0241
18,is_auth_failure,RULE-CORRELATED,0.0012144147,0.0240
19,brute_preceded,RULE-CORRELATED,0.00063283514,0.0125
20,kw_brute,RULE-CORRELATED,0.00020321352,0.0040
21,kw_shell,RULE-CORRELATED,2.7559072e-05,0.0005
22,kw_password,RULE-CORRELATED,2.5066798e-05,0.0005
23,kw_sql,RULE-CORRELATED,0.0,0.0000
24,kw_trojan,RULE-CORRELATED,0.0,0.0000
25,kw_virus,RULE-CORRELATED,0.0,0.0000
26,agent_criticality,RULE-CORRELATED,0.0,0.0000
