rank,feature,bucket,gain,gain_pct,weight,weight_pct,cover
1,is_web_attack,RULE-CORRELATED,96845.6640625,94.99202776881448,189.0,4.82881962187021,55880.08984375
2,time_since_last_high,BEHAVIORAL,2869.994873046875,2.8150628664271693,644.0,16.453755748594787,11734.96484375
3,rule_id_encoded,RULE-IDENTITY,642.1328735351562,0.629842382150997,322.0,8.226877874297394,15085.5810546875
4,unique_src_ip_10min,BEHAVIORAL,627.171142578125,0.6151670203131905,684.0,17.475728155339805,9931.6943359375
5,alert_rate_1min,BEHAVIORAL,313.4140930175781,0.30741531399743544,598.0,15.278487480838017,11812.447265625
6,rule_diversity_10min,RULE-CORRELATED,260.7587890625,0.25576783815124593,364.0,9.299948901379663,6060.615234375
7,rule_level,RULE-IDENTITY,132.90084838867188,0.13035711203847394,98.0,2.503832396525294,12947.966796875
8,kw_privilege,RULE-CORRELATED,53.99650955200195,0.05296301062557264,11.0,0.28104241185487994,19016.2109375
9,scan_preceded,RULE-CORRELATED,41.50464630126953,0.04071024296390418,190.0,4.854368932038835,28796.619140625
10,kw_root,RULE-CORRELATED,36.885189056396484,0.036179202621213755,71.0,1.8140010219724068,5131.91796875
11,kw_scan,RULE-CORRELATED,28.216327667236328,0.027676264159542704,71.0,1.8140010219724068,57514.921875
12,kw_denied,RULE-CORRELATED,25.201553344726562,0.024719192937688726,2.0,0.05109862033725089,503.2508239746094
13,mitre_tactic_id,RULE-CORRELATED,14.959014892578125,0.01467269775911544,26.0,0.6642820643842616,9856.095703125
14,is_auth_failure,RULE-CORRELATED,11.377284049987793,0.011159521625177358,7.0,0.17884517118037813,764.9725341796875
15,desc_len,RULE-IDENTITY,10.949873924255371,0.010740292174635877,213.0,5.44200306591722,3454.591064453125
16,high_sev_ratio_20,RULE-CORRELATED,8.372356414794922,0.008212108623999464,323.0,8.25242718446602,20542.998046875
17,kill_chain_stage,RULE-CORRELATED,6.96091890335083,0.006827686176397503,9.0,0.22994379151762903,6394.31787109375
18,brute_preceded,RULE-CORRELATED,6.529476165771484,0.00640450129862805,19.0,0.4854368932038835,2485.5966796875
19,kw_shell,RULE-CORRELATED,6.39085578918457,0.0062685341307683745,9.0,0.22994379151762903,115162.8671875
20,failed_login_5min,RULE-CORRELATED,4.077788352966309,0.003999739050891738,53.0,1.3541134389371488,3300.099365234375
21,kw_brute,RULE-CORRELATED,2.3533546924591064,0.002308311233755141,9.0,0.22994379151762903,5720.6484375
22,kw_password,RULE-CORRELATED,1.5480220317840576,0.001518392725719432,2.0,0.05109862033725089,6070.04248046875
23,kw_sql,RULE-CORRELATED,0.0,0.0,0.0,0.0,0.0
24,kw_trojan,RULE-CORRELATED,0.0,0.0,0.0,0.0,0.0
25,kw_virus,RULE-CORRELATED,0.0,0.0,0.0,0.0,0.0
26,agent_criticality,RULE-CORRELATED,0.0,0.0,0.0,0.0,0.0
