idx,rule_id,timestamp,syscheck_path,syscheck_event,is_fp,bucket,matched_artifact
0,503,2026-07-12T11:11:56.277+0000,,,False,unrelated,
1,40704,2026-07-12T11:11:59.565+0000,,,False,unrelated,
2,81102,2026-07-12T11:12:18.294+0000,,,False,unrelated,
3,81102,2026-07-12T11:12:18.294+0000,,,False,unrelated,
4,550,2026-07-12T11:12:27.175+0000,/etc/cups/subscriptions.conf,modified,False,unrelated,
5,550,2026-07-12T11:12:27.450+0000,/etc/cups/subscriptions.conf.O,modified,False,unrelated,
6,5501,2026-07-12T11:14:32.917+0000,,,False,unrelated,
7,5502,2026-07-12T11:14:47.548+0000,,,False,unrelated,
8,554,2026-07-12T11:15:06.697+0000,/etc/cups/subscriptions.conf.N,added,False,unrelated,
9,550,2026-07-12T11:15:06.800+0000,/etc/cups/subscriptions.conf,modified,True,unrelated,
10,553,2026-07-12T11:15:06.805+0000,/etc/cups/subscriptions.conf.N,deleted,True,unrelated,
11,550,2026-07-12T11:15:06.810+0000,/etc/cups/subscriptions.conf.O,modified,True,unrelated,
12,5501,2026-07-12T11:15:40.949+0000,,,True,unrelated,
13,31101,2026-07-12T11:19:37.523+0000,,,True,unrelated,
14,31101,2026-07-12T11:19:42.620+0000,,,True,unrelated,
15,31101,2026-07-12T11:19:44.141+0000,,,True,unrelated,
16,554,2026-07-12T11:19:49.016+0000,/home/lnx-dmz/.ssh/known_hosts,added,True,unrelated,
17,31101,2026-07-12T11:20:22.547+0000,,,True,unrelated,
18,31101,2026-07-12T11:20:28.908+0000,,,True,unrelated,
19,31101,2026-07-12T11:21:12.277+0000,,,True,unrelated,
20,31101,2026-07-12T11:21:16.204+0000,,,True,unrelated,
21,31101,2026-07-12T11:21:18.970+0000,,,True,unrelated,
22,31101,2026-07-12T11:21:23.111+0000,,,True,unrelated,
23,31101,2026-07-12T11:21:25.288+0000,,,True,unrelated,
24,31101,2026-07-12T11:22:03.207+0000,,,False,unrelated,
25,31101,2026-07-12T11:22:05.150+0000,,,False,unrelated,
26,31101,2026-07-12T11:22:07.426+0000,,,False,unrelated,
27,31101,2026-07-12T11:22:09.680+0000,,,False,unrelated,
28,31101,2026-07-12T11:22:45.762+0000,,,False,unrelated,
29,31101,2026-07-12T11:22:46.722+0000,,,False,unrelated,
30,31101,2026-07-12T11:23:26.832+0000,,,False,unrelated,
31,31101,2026-07-12T11:23:28.033+0000,,,False,unrelated,
32,31101,2026-07-12T11:24:14.812+0000,,,False,unrelated,
33,31101,2026-07-12T11:24:17.367+0000,,,False,unrelated,
34,31101,2026-07-12T11:24:26.273+0000,,,False,unrelated,
35,31101,2026-07-12T11:25:06.691+0000,,,False,unrelated,
36,31101,2026-07-12T11:25:13.814+0000,,,False,unrelated,
37,5402,2026-07-12T11:25:38.953+0000,,,True,unrelated,
38,5501,2026-07-12T11:25:38.955+0000,,,False,unrelated,
39,5502,2026-07-12T11:25:50.133+0000,,,False,unrelated,
40,31101,2026-07-12T11:26:06.933+0000,,,False,unrelated,
41,31101,2026-07-12T11:27:08.400+0000,,,False,unrelated,
42,31101,2026-07-12T11:27:11.989+0000,,,False,unrelated,
43,5501,2026-07-12T11:27:39.183+0000,,,False,unrelated,
44,31101,2026-07-12T11:27:56.706+0000,,,False,unrelated,
45,31101,2026-07-12T11:27:58.240+0000,,,False,unrelated,
46,31101,2026-07-12T11:28:00.780+0000,,,False,unrelated,
47,31101,2026-07-12T11:28:06.196+0000,,,False,unrelated,
48,31101,2026-07-12T11:28:41.757+0000,,,False,unrelated,
49,31101,2026-07-12T11:28:44.088+0000,,,False,unrelated,
50,31101,2026-07-12T11:28:46.138+0000,,,False,unrelated,
51,31101,2026-07-12T11:28:50.450+0000,,,False,unrelated,
52,31101,2026-07-12T11:30:40.687+0000,,,False,unrelated,
53,31101,2026-07-12T11:30:45.009+0000,,,False,unrelated,
54,31101,2026-07-12T11:30:46.697+0000,,,False,unrelated,
55,31101,2026-07-12T11:31:15.883+0000,,,False,unrelated,
56,31101,2026-07-12T11:31:20.674+0000,,,False,unrelated,
57,31101,2026-07-12T11:31:28.131+0000,,,False,unrelated,
58,5402,2026-07-12T11:31:39.512+0000,,,True,unrelated,
59,5501,2026-07-12T11:31:39.513+0000,,,False,unrelated,
60,5502,2026-07-12T11:31:41.251+0000,,,False,unrelated,
61,31101,2026-07-12T11:31:49.003+0000,,,False,unrelated,
62,31101,2026-07-12T11:31:52.102+0000,,,False,unrelated,
63,31101,2026-07-12T11:31:56.580+0000,,,False,unrelated,
64,31101,2026-07-12T11:31:57.164+0000,,,False,unrelated,
65,31101,2026-07-12T11:32:21.426+0000,,,False,unrelated,
66,31101,2026-07-12T11:32:59.370+0000,,,False,unrelated,
67,31101,2026-07-12T11:33:03.400+0000,,,False,unrelated,
68,31101,2026-07-12T11:33:07.912+0000,,,False,unrelated,
69,31101,2026-07-12T11:33:09.887+0000,,,False,unrelated,
70,31101,2026-07-12T11:33:13.542+0000,,,False,unrelated,
71,31101,2026-07-12T11:33:15.609+0000,,,False,unrelated,
72,31101,2026-07-12T11:33:36.415+0000,,,False,unrelated,
73,31101,2026-07-12T11:33:40.458+0000,,,False,unrelated,
74,5501,2026-07-12T11:33:40.461+0000,,,False,unrelated,
75,31101,2026-07-12T11:33:46.595+0000,,,False,unrelated,
76,31101,2026-07-12T11:33:46.595+0000,,,False,unrelated,
77,31101,2026-07-12T11:34:33.412+0000,,,False,unrelated,
78,31101,2026-07-12T11:34:39.479+0000,,,False,unrelated,
79,31101,2026-07-12T11:34:45.630+0000,,,False,unrelated,
80,31101,2026-07-12T11:35:20.177+0000,,,False,unrelated,
81,31101,2026-07-12T11:35:35.714+0000,,,False,unrelated,
82,31101,2026-07-12T11:36:17.887+0000,,,False,unrelated,
83,31101,2026-07-12T11:37:02.665+0000,,,False,unrelated,
84,31101,2026-07-12T11:37:04.942+0000,,,False,unrelated,
85,31101,2026-07-12T11:37:05.939+0000,,,False,unrelated,
86,31101,2026-07-12T11:37:08.394+0000,,,False,unrelated,
87,31101,2026-07-12T11:37:14.267+0000,,,False,unrelated,
88,5402,2026-07-12T11:37:36.532+0000,,,True,unrelated,
89,5501,2026-07-12T11:37:36.547+0000,,,False,unrelated,
90,5502,2026-07-12T11:37:39.931+0000,,,False,unrelated,
91,31101,2026-07-12T11:37:48.757+0000,,,False,unrelated,
92,31101,2026-07-12T11:38:45.418+0000,,,False,unrelated,
93,31101,2026-07-12T11:38:47.425+0000,,,False,unrelated,
94,31101,2026-07-12T11:38:47.480+0000,,,False,unrelated,
95,31101,2026-07-12T11:38:53.963+0000,,,False,unrelated,
96,31101,2026-07-12T11:39:43.025+0000,,,False,unrelated,
97,5501,2026-07-12T11:39:43.049+0000,,,False,unrelated,
98,31101,2026-07-12T11:39:48.891+0000,,,False,unrelated,
99,31101,2026-07-12T11:39:49.371+0000,,,False,unrelated,
100,31101,2026-07-12T11:39:56.668+0000,,,False,unrelated,
101,31101,2026-07-12T11:40:38.121+0000,,,False,unrelated,
102,31101,2026-07-12T11:40:44.323+0000,,,False,unrelated,
103,31101,2026-07-12T11:41:04.893+0000,,,False,unrelated,
104,31101,2026-07-12T11:41:39.412+0000,,,False,unrelated,
105,31101,2026-07-12T11:41:41.233+0000,,,False,unrelated,
106,31101,2026-07-12T11:41:47.887+0000,,,False,unrelated,
107,31101,2026-07-12T11:41:54.064+0000,,,False,unrelated,
108,31101,2026-07-12T11:42:13.062+0000,,,False,unrelated,
109,31101,2026-07-12T11:42:23.719+0000,,,False,unrelated,
110,31101,2026-07-12T11:42:25.344+0000,,,False,unrelated,
111,31101,2026-07-12T11:42:48.917+0000,,,False,unrelated,
112,31101,2026-07-12T11:42:53.292+0000,,,False,unrelated,
113,31101,2026-07-12T11:42:55.563+0000,,,False,unrelated,
114,31101,2026-07-12T11:42:56.731+0000,,,False,unrelated,
115,31101,2026-07-12T11:42:58.782+0000,,,False,unrelated,
116,31101,2026-07-12T11:43:02.232+0000,,,False,unrelated,
117,5402,2026-07-12T11:43:26.105+0000,,,True,unrelated,
118,5501,2026-07-12T11:43:26.106+0000,,,False,unrelated,
119,5502,2026-07-12T11:43:28.247+0000,,,False,unrelated,
120,31101,2026-07-12T11:43:38.529+0000,,,False,unrelated,
121,31101,2026-07-12T11:44:20.457+0000,,,False,unrelated,
122,31101,2026-07-12T11:44:59.527+0000,,,False,unrelated,
123,31101,2026-07-12T11:45:15.114+0000,,,False,unrelated,
124,5501,2026-07-12T11:45:43.108+0000,,,False,unrelated,
125,31101,2026-07-12T11:45:54.369+0000,,,False,unrelated,
126,31101,2026-07-12T11:45:55.602+0000,,,False,unrelated,
127,31101,2026-07-12T11:46:00.426+0000,,,False,unrelated,
128,31101,2026-07-12T11:46:04.398+0000,,,False,unrelated,
129,31101,2026-07-12T11:46:36.783+0000,,,False,unrelated,
130,31101,2026-07-12T11:46:38.617+0000,,,False,unrelated,
131,31101,2026-07-12T11:47:10.689+0000,,,False,unrelated,
132,31101,2026-07-12T11:47:12.919+0000,,,False,unrelated,
133,31101,2026-07-12T11:47:42.529+0000,,,False,unrelated,
134,31101,2026-07-12T11:47:46.926+0000,,,False,unrelated,
135,31101,2026-07-12T11:48:20.017+0000,,,False,unrelated,
136,31101,2026-07-12T11:48:22.494+0000,,,False,unrelated,
137,31101,2026-07-12T11:48:22.631+0000,,,False,unrelated,
138,5402,2026-07-12T11:48:41.456+0000,,,True,unrelated,
139,5501,2026-07-12T11:48:41.458+0000,,,False,unrelated,
140,5502,2026-07-12T11:48:43.572+0000,,,False,unrelated,
141,31101,2026-07-12T11:49:25.312+0000,,,False,unrelated,
142,31101,2026-07-12T11:49:27.484+0000,,,False,unrelated,
143,31101,2026-07-12T11:49:38.704+0000,,,False,unrelated,
144,31101,2026-07-12T11:50:01.063+0000,,,False,unrelated,
145,31101,2026-07-12T11:50:05.279+0000,,,False,unrelated,
146,31101,2026-07-12T11:50:09.821+0000,,,False,unrelated,
147,31101,2026-07-12T11:50:12.172+0000,,,False,unrelated,
148,31101,2026-07-12T11:50:14.460+0000,,,False,unrelated,
149,31101,2026-07-12T11:50:50.649+0000,,,False,unrelated,
150,31101,2026-07-12T11:51:12.362+0000,,,False,unrelated,
151,31101,2026-07-12T11:51:14.877+0000,,,False,unrelated,
152,31101,2026-07-12T11:51:18.608+0000,,,False,unrelated,
153,5501,2026-07-12T11:51:45.257+0000,,,False,unrelated,
154,31101,2026-07-12T11:51:51.796+0000,,,False,unrelated,
155,31101,2026-07-12T11:51:56.137+0000,,,False,unrelated,
156,31101,2026-07-12T11:51:59.718+0000,,,False,unrelated,
157,31101,2026-07-12T11:52:00.430+0000,,,False,unrelated,
158,31101,2026-07-12T11:52:40.770+0000,,,False,unrelated,
159,31101,2026-07-12T11:52:42.530+0000,,,False,unrelated,
160,31101,2026-07-12T11:52:48.606+0000,,,False,unrelated,
161,31101,2026-07-12T11:53:34.039+0000,,,False,unrelated,
162,31101,2026-07-12T11:53:51.287+0000,,,False,unrelated,
163,5402,2026-07-12T11:54:15.075+0000,,,True,unrelated,
164,5501,2026-07-12T11:54:15.078+0000,,,False,unrelated,
165,5502,2026-07-12T11:54:17.572+0000,,,False,unrelated,
166,5501,2026-07-12T11:54:41.172+0000,,,False,unrelated,
167,31101,2026-07-12T11:54:52.940+0000,,,False,unrelated,
168,31101,2026-07-12T11:55:39.481+0000,,,False,unrelated,
169,31101,2026-07-12T11:56:07.460+0000,,,False,unrelated,
170,31101,2026-07-12T11:56:09.465+0000,,,False,unrelated,
171,31101,2026-07-12T11:56:13.933+0000,,,False,unrelated,
172,31101,2026-07-12T11:56:43.829+0000,,,False,unrelated,
173,31101,2026-07-12T11:56:51.879+0000,,,False,unrelated,
174,31101,2026-07-12T11:56:58.291+0000,,,False,unrelated,
175,31101,2026-07-12T11:57:37.126+0000,,,False,unrelated,
176,31101,2026-07-12T11:57:39.566+0000,,,False,unrelated,
177,31101,2026-07-12T11:57:44.089+0000,,,False,unrelated,
178,31101,2026-07-12T11:57:46.941+0000,,,False,unrelated,
179,31101,2026-07-12T11:58:26.325+0000,,,False,unrelated,
180,31101,2026-07-12T11:58:30.807+0000,,,False,unrelated,
181,31101,2026-07-12T11:58:32.811+0000,,,False,unrelated,
182,31101,2026-07-12T11:58:34.411+0000,,,False,unrelated,
183,31101,2026-07-12T11:59:01.613+0000,,,False,unrelated,
184,31101,2026-07-12T11:59:06.570+0000,,,False,unrelated,
185,5402,2026-07-12T11:59:37.829+0000,,,True,unrelated,
186,5501,2026-07-12T11:59:37.831+0000,,,False,unrelated,
187,5502,2026-07-12T11:59:38.270+0000,,,False,unrelated,
188,52002,2026-07-12T11:59:39.878+0000,,,True,unrelated,
189,52002,2026-07-12T11:59:40.073+0000,,,True,unrelated,
190,31101,2026-07-12T11:59:46.327+0000,,,False,unrelated,
191,31101,2026-07-12T11:59:48.667+0000,,,False,unrelated,
192,31101,2026-07-12T12:00:33.428+0000,,,False,unrelated,
193,31101,2026-07-12T12:00:35.496+0000,,,False,unrelated,
194,5501,2026-07-12T12:00:44.029+0000,,,False,unrelated,
195,31101,2026-07-12T12:01:09.652+0000,,,False,unrelated,
196,31101,2026-07-12T12:01:53.531+0000,,,False,unrelated,
197,31101,2026-07-12T12:02:00.759+0000,,,False,unrelated,
198,31101,2026-07-12T12:02:46.333+0000,,,False,unrelated,
199,31101,2026-07-12T12:02:48.719+0000,,,False,unrelated,
200,31101,2026-07-12T12:02:55.119+0000,,,False,unrelated,
201,31101,2026-07-12T12:02:57.122+0000,,,False,unrelated,
202,31101,2026-07-12T12:03:22.984+0000,,,False,unrelated,
203,31101,2026-07-12T12:03:50.578+0000,,,False,unrelated,
204,31101,2026-07-12T12:04:42.840+0000,,,False,unrelated,
205,5402,2026-07-12T12:05:04.084+0000,,,True,unrelated,
206,5501,2026-07-12T12:05:04.114+0000,,,False,unrelated,
207,5502,2026-07-12T12:05:04.679+0000,,,True,unrelated,
208,31101,2026-07-12T12:05:27.751+0000,,,False,unrelated,
209,31101,2026-07-12T12:05:29.893+0000,,,False,unrelated,
210,31101,2026-07-12T12:06:15.394+0000,,,False,unrelated,
211,31101,2026-07-12T12:06:20.600+0000,,,False,unrelated,
212,31101,2026-07-12T12:06:24.606+0000,,,False,unrelated,
213,5501,2026-07-12T12:06:45.878+0000,,,False,unrelated,
214,31101,2026-07-12T12:06:57.452+0000,,,False,unrelated,
215,31101,2026-07-12T12:07:04.217+0000,,,False,unrelated,
216,31101,2026-07-12T12:07:45.817+0000,,,False,unrelated,
217,31101,2026-07-12T12:08:27.202+0000,,,False,unrelated,
218,31101,2026-07-12T12:08:30.516+0000,,,False,unrelated,
219,31101,2026-07-12T12:09:04.993+0000,,,False,unrelated,
220,31101,2026-07-12T12:09:07.536+0000,,,False,unrelated,
221,31101,2026-07-12T12:09:32.414+0000,,,False,unrelated,
222,31101,2026-07-12T12:09:37.639+0000,,,False,unrelated,
223,31101,2026-07-12T12:09:40.781+0000,,,False,unrelated,
224,31101,2026-07-12T12:09:42.769+0000,,,False,unrelated,
225,31101,2026-07-12T12:09:45.643+0000,,,False,unrelated,
226,31101,2026-07-12T12:10:13.604+0000,,,False,unrelated,
227,31101,2026-07-12T12:10:17.445+0000,,,False,unrelated,
228,5402,2026-07-12T12:10:42.442+0000,,,True,unrelated,
229,5501,2026-07-12T12:10:42.451+0000,,,False,unrelated,
230,5502,2026-07-12T12:10:44.234+0000,,,False,unrelated,
231,31101,2026-07-12T12:11:04.999+0000,,,False,unrelated,
232,31101,2026-07-12T12:11:36.612+0000,,,False,unrelated,
233,31101,2026-07-12T12:11:40.881+0000,,,False,unrelated,
234,31101,2026-07-12T12:12:13.331+0000,,,False,unrelated,
235,31101,2026-07-12T12:12:15.839+0000,,,False,unrelated,
236,31101,2026-07-12T12:12:18.516+0000,,,False,unrelated,
237,31101,2026-07-12T12:12:20.996+0000,,,False,unrelated,
238,31101,2026-07-12T12:12:22.418+0000,,,False,unrelated,
239,5501,2026-07-12T12:12:48.117+0000,,,False,unrelated,
240,31101,2026-07-12T12:12:57.354+0000,,,False,unrelated,
241,31101,2026-07-12T12:13:02.133+0000,,,False,unrelated,
242,31101,2026-07-12T12:13:04.929+0000,,,False,unrelated,
243,550,2026-07-12T12:13:30.031+0000,/etc/cups/subscriptions.conf,modified,False,unrelated,
244,550,2026-07-12T12:13:30.046+0000,/etc/cups/subscriptions.conf.O,modified,True,unrelated,
245,31101,2026-07-12T12:13:34.021+0000,,,False,unrelated,
246,31101,2026-07-12T12:14:30.262+0000,,,False,unrelated,
247,31101,2026-07-12T12:14:32.391+0000,,,False,unrelated,
248,31101,2026-07-12T12:15:01.851+0000,,,False,unrelated,
249,31101,2026-07-12T12:15:01.851+0000,,,False,unrelated,
250,31101,2026-07-12T12:15:52.277+0000,,,False,unrelated,
251,31101,2026-07-12T12:15:54.603+0000,,,False,unrelated,
252,5402,2026-07-12T12:16:09.266+0000,,,True,unrelated,
253,5501,2026-07-12T12:16:09.301+0000,,,False,unrelated,
254,5502,2026-07-12T12:16:11.157+0000,,,False,unrelated,
255,31101,2026-07-12T12:17:11.667+0000,,,False,unrelated,
256,31101,2026-07-12T12:17:12.970+0000,,,False,unrelated,
257,31101,2026-07-12T12:17:15.397+0000,,,False,unrelated,
258,31101,2026-07-12T12:17:23.736+0000,,,False,unrelated,
259,31101,2026-07-12T12:18:34.020+0000,,,False,unrelated,
260,31101,2026-07-12T12:18:34.023+0000,,,False,unrelated,
261,31101,2026-07-12T12:18:38.559+0000,,,False,unrelated,
262,5501,2026-07-12T12:18:49.012+0000,,,False,unrelated,
263,31101,2026-07-12T12:19:05.637+0000,,,False,unrelated,
264,31101,2026-07-12T12:19:07.711+0000,,,False,unrelated,
265,31101,2026-07-12T12:19:11.058+0000,,,False,unrelated,
266,31101,2026-07-12T12:19:13.339+0000,,,False,unrelated,
