platform,pipeline,subset,layer,tp,fp,tn,fn,precision,recall,f1,fpr,fnr
windows,NORMALIZED_crossplatform,novel_blended,L1,153,167,34,112,0.478125,0.5773584905660377,0.5230769230769231,0.8308457711442786,0.4226415094339623
windows,NORMALIZED_crossplatform,novel_blended,L2,265,201,0,0,0.5686695278969958,1.0,0.7250341997264023,1.0,0.0
windows,NORMALIZED_crossplatform,novel_blended,combined,265,201,0,0,0.5686695278969958,1.0,0.7250341997264023,1.0,0.0
windows,NORMALIZED_crossplatform,T1110.001,L1,139,167,34,108,0.4542483660130719,0.562753036437247,0.5027124773960217,0.8308457711442786,0.43724696356275305
windows,NORMALIZED_crossplatform,T1110.001,L2,247,201,0,0,0.5513392857142857,1.0,0.7107913669064748,1.0,0.0
windows,NORMALIZED_crossplatform,T1110.001,combined,247,201,0,0,0.5513392857142857,1.0,0.7107913669064748,1.0,0.0
windows,NORMALIZED_crossplatform,T1136.001,L1,14,167,34,4,0.07734806629834254,0.7777777777777778,0.1407035175879397,0.8308457711442786,0.2222222222222222
windows,NORMALIZED_crossplatform,T1136.001,L2,18,201,0,0,0.0821917808219178,1.0,0.1518987341772152,1.0,0.0
windows,NORMALIZED_crossplatform,T1136.001,combined,18,201,0,0,0.0821917808219178,1.0,0.1518987341772152,1.0,0.0
