panel,threshold,tp,fn,fp,tn
A_known_L1_sweep,0.0,2026,20224,47,220
A_known_L1_sweep,0.002506265664160401,2026,20224,47,220
A_known_L1_sweep,0.005012531328320802,2026,20224,45,222
A_known_L1_sweep,0.007518796992481203,2026,20224,44,223
A_known_L1_sweep,0.010025062656641603,2026,20224,44,223
A_known_L1_sweep,0.012531328320802004,2026,20224,44,223
A_known_L1_sweep,0.015037593984962405,2026,20224,43,224
A_known_L1_sweep,0.017543859649122806,2026,20224,43,224
A_known_L1_sweep,0.020050125313283207,2026,20224,42,225
A_known_L1_sweep,0.022556390977443608,2026,20224,42,225
A_known_L1_sweep,0.02506265664160401,2026,20224,41,226
A_known_L1_sweep,0.02756892230576441,2026,20224,41,226
A_known_L1_sweep,0.03007518796992481,2026,20224,41,226
A_known_L1_sweep,0.03258145363408521,2026,20224,41,226
A_known_L1_sweep,0.03508771929824561,2026,20224,41,226
A_known_L1_sweep,0.03759398496240601,2026,20224,39,228
A_known_L1_sweep,0.040100250626566414,2026,20224,39,228
A_known_L1_sweep,0.042606516290726815,2026,20224,39,228
A_known_L1_sweep,0.045112781954887216,2026,20224,39,228
A_known_L1_sweep,0.047619047619047616,2026,20224,39,228
A_known_L1_sweep,0.05012531328320802,2026,20224,39,228
A_known_L1_sweep,0.05263157894736842,2026,20224,39,228
A_known_L1_sweep,0.05513784461152882,2026,20224,39,228
A_known_L1_sweep,0.05764411027568922,2026,20224,39,228
A_known_L1_sweep,0.06015037593984962,2026,20224,38,229
A_known_L1_sweep,0.06265664160401002,2026,20224,37,230
A_known_L1_sweep,0.06516290726817042,2026,20224,33,234
A_known_L1_sweep,0.06766917293233082,2026,20224,29,238
A_known_L1_sweep,0.07017543859649122,2026,20224,29,238
A_known_L1_sweep,0.07268170426065163,2026,20224,29,238
A_known_L1_sweep,0.07518796992481203,2026,20224,29,238
A_known_L1_sweep,0.07769423558897243,2026,20224,29,238
A_known_L1_sweep,0.08020050125313283,2026,20224,28,239
A_known_L1_sweep,0.08270676691729323,2026,20224,28,239
A_known_L1_sweep,0.08521303258145363,2026,20224,28,239
A_known_L1_sweep,0.08771929824561403,2026,20224,28,239
A_known_L1_sweep,0.09022556390977443,2026,20224,28,239
A_known_L1_sweep,0.09273182957393483,2026,20224,28,239
A_known_L1_sweep,0.09523809523809523,2026,20224,28,239
A_known_L1_sweep,0.09774436090225563,2026,20224,28,239
A_known_L1_sweep,0.10025062656641603,2026,20224,28,239
A_known_L1_sweep,0.10275689223057644,2026,20224,28,239
A_known_L1_sweep,0.10526315789473684,2026,20224,27,240
A_known_L1_sweep,0.10776942355889724,2026,20224,27,240
A_known_L1_sweep,0.11027568922305764,2026,20224,27,240
A_known_L1_sweep,0.11278195488721804,2026,20224,27,240
A_known_L1_sweep,0.11528822055137844,2026,20224,27,240
A_known_L1_sweep,0.11779448621553884,2026,20224,27,240
A_known_L1_sweep,0.12030075187969924,2026,20224,27,240
A_known_L1_sweep,0.12280701754385964,2026,20224,27,240
A_known_L1_sweep,0.12531328320802004,2026,20224,27,240
A_known_L1_sweep,0.12781954887218044,2026,20224,27,240
A_known_L1_sweep,0.13032581453634084,2026,20224,27,240
A_known_L1_sweep,0.13283208020050125,2026,20224,27,240
A_known_L1_sweep,0.13533834586466165,2026,20224,26,241
A_known_L1_sweep,0.13784461152882205,2026,20224,26,241
A_known_L1_sweep,0.14035087719298245,2026,20224,24,243
A_known_L1_sweep,0.14285714285714285,2026,20224,23,244
A_known_L1_sweep,0.14536340852130325,2026,20224,23,244
A_known_L1_sweep,0.14786967418546365,2026,20224,23,244
A_known_L1_sweep,0.15037593984962405,2026,20224,23,244
A_known_L1_sweep,0.15288220551378445,2026,20224,23,244
A_known_L1_sweep,0.15538847117794485,2026,20224,22,245
A_known_L1_sweep,0.15789473684210525,2026,20224,22,245
A_known_L1_sweep,0.16040100250626566,2026,20224,21,246
A_known_L1_sweep,0.16290726817042606,2026,20224,21,246
A_known_L1_sweep,0.16541353383458646,2026,20224,20,247
A_known_L1_sweep,0.16791979949874686,2026,20224,18,249
A_known_L1_sweep,0.17042606516290726,2026,20224,18,249
A_known_L1_sweep,0.17293233082706766,2026,20224,18,249
A_known_L1_sweep,0.17543859649122806,2026,20224,18,249
A_known_L1_sweep,0.17794486215538846,2026,20224,18,249
A_known_L1_sweep,0.18045112781954886,2026,20224,18,249
A_known_L1_sweep,0.18295739348370926,2026,20224,18,249
A_known_L1_sweep,0.18546365914786966,2026,20224,18,249
A_known_L1_sweep,0.18796992481203006,2026,20224,18,249
A_known_L1_sweep,0.19047619047619047,2026,20224,18,249
A_known_L1_sweep,0.19298245614035087,2026,20224,18,249
A_known_L1_sweep,0.19548872180451127,2026,20224,18,249
A_known_L1_sweep,0.19799498746867167,2026,20224,18,249
A_known_L1_sweep,0.20050125313283207,2026,20224,18,249
A_known_L1_sweep,0.20300751879699247,2026,20224,18,249
A_known_L1_sweep,0.20551378446115287,2026,20224,18,249
A_known_L1_sweep,0.20802005012531327,2026,20224,18,249
A_known_L1_sweep,0.21052631578947367,2026,20224,18,249
A_known_L1_sweep,0.21303258145363407,2026,20224,18,249
A_known_L1_sweep,0.21553884711779447,2026,20224,18,249
A_known_L1_sweep,0.21804511278195488,2026,20224,18,249
A_known_L1_sweep,0.22055137844611528,2026,20224,18,249
A_known_L1_sweep,0.22305764411027568,2026,20224,18,249
A_known_L1_sweep,0.22556390977443608,2026,20224,18,249
A_known_L1_sweep,0.22807017543859648,2026,20224,18,249
A_known_L1_sweep,0.23057644110275688,2026,20224,18,249
A_known_L1_sweep,0.23308270676691728,2026,20224,18,249
A_known_L1_sweep,0.23558897243107768,2026,20224,18,249
A_known_L1_sweep,0.23809523809523808,2026,20224,18,249
A_known_L1_sweep,0.24060150375939848,2026,20224,18,249
A_known_L1_sweep,0.24310776942355888,2026,20224,18,249
A_known_L1_sweep,0.24561403508771928,2026,20224,18,249
A_known_L1_sweep,0.24812030075187969,2026,20224,18,249
A_known_L1_sweep,0.2506265664160401,2026,20224,18,249
A_known_L1_sweep,0.2531328320802005,2026,20224,18,249
A_known_L1_sweep,0.2556390977443609,2026,20224,18,249
A_known_L1_sweep,0.2581453634085213,2026,20224,18,249
A_known_L1_sweep,0.2606516290726817,2026,20224,18,249
A_known_L1_sweep,0.2631578947368421,2026,20224,18,249
A_known_L1_sweep,0.2656641604010025,2026,20224,18,249
A_known_L1_sweep,0.2681704260651629,2026,20224,18,249
A_known_L1_sweep,0.2706766917293233,2026,20224,18,249
A_known_L1_sweep,0.2731829573934837,2026,20224,18,249
A_known_L1_sweep,0.2756892230576441,2026,20224,18,249
A_known_L1_sweep,0.2781954887218045,2026,20224,18,249
A_known_L1_sweep,0.2807017543859649,2026,20224,18,249
A_known_L1_sweep,0.2832080200501253,2026,20224,18,249
A_known_L1_sweep,0.2857142857142857,2026,20224,18,249
A_known_L1_sweep,0.2882205513784461,2026,20224,18,249
A_known_L1_sweep,0.2907268170426065,2026,20224,18,249
A_known_L1_sweep,0.2932330827067669,2026,20224,18,249
A_known_L1_sweep,0.2957393483709273,2026,20224,18,249
A_known_L1_sweep,0.2982456140350877,2026,20224,18,249
A_known_L1_sweep,0.3007518796992481,2026,20224,18,249
A_known_L1_sweep,0.3032581453634085,2026,20224,18,249
A_known_L1_sweep,0.3057644110275689,2026,20224,18,249
A_known_L1_sweep,0.3082706766917293,2026,20224,18,249
A_known_L1_sweep,0.3107769423558897,2026,20224,18,249
A_known_L1_sweep,0.3132832080200501,2026,20224,18,249
A_known_L1_sweep,0.3157894736842105,2026,20224,18,249
A_known_L1_sweep,0.3182957393483709,2026,20224,18,249
A_known_L1_sweep,0.3208020050125313,2026,20224,18,249
A_known_L1_sweep,0.3233082706766917,2026,20224,18,249
A_known_L1_sweep,0.3258145363408521,2026,20224,18,249
A_known_L1_sweep,0.3283208020050125,2026,20224,18,249
A_known_L1_sweep,0.3308270676691729,2026,20224,18,249
A_known_L1_sweep,0.3333333333333333,2026,20224,18,249
A_known_L1_sweep,0.3358395989974937,2026,20224,18,249
A_known_L1_sweep,0.3383458646616541,2026,20224,18,249
A_known_L1_sweep,0.3408521303258145,2026,20224,18,249
A_known_L1_sweep,0.3433583959899749,2026,20224,18,249
A_known_L1_sweep,0.3458646616541353,2026,20224,18,249
A_known_L1_sweep,0.3483709273182957,2026,20224,18,249
A_known_L1_sweep,0.3508771929824561,2026,20224,18,249
A_known_L1_sweep,0.3533834586466165,2026,20224,18,249
A_known_L1_sweep,0.3558897243107769,2026,20224,18,249
A_known_L1_sweep,0.3583959899749373,2026,20224,18,249
A_known_L1_sweep,0.3609022556390977,2026,20224,18,249
A_known_L1_sweep,0.3634085213032581,2026,20224,18,249
A_known_L1_sweep,0.3659147869674185,2026,20224,18,249
A_known_L1_sweep,0.3684210526315789,2026,20224,18,249
A_known_L1_sweep,0.37092731829573933,2026,20224,18,249
A_known_L1_sweep,0.37343358395989973,2026,20224,18,249
A_known_L1_sweep,0.37593984962406013,2026,20224,18,249
A_known_L1_sweep,0.37844611528822053,2026,20224,18,249
A_known_L1_sweep,0.38095238095238093,2026,20224,18,249
A_known_L1_sweep,0.38345864661654133,2026,20224,18,249
A_known_L1_sweep,0.38596491228070173,2026,20224,18,249
A_known_L1_sweep,0.38847117794486213,2026,20224,18,249
A_known_L1_sweep,0.39097744360902253,2026,20224,18,249
A_known_L1_sweep,0.39348370927318294,2026,20224,18,249
A_known_L1_sweep,0.39598997493734334,2026,20224,18,249
A_known_L1_sweep,0.39849624060150374,2026,20224,18,249
A_known_L1_sweep,0.40100250626566414,2026,20224,18,249
A_known_L1_sweep,0.40350877192982454,2026,20224,18,249
A_known_L1_sweep,0.40601503759398494,2026,20224,18,249
A_known_L1_sweep,0.40852130325814534,2026,20224,18,249
A_known_L1_sweep,0.41102756892230574,2026,20224,18,249
A_known_L1_sweep,0.41353383458646614,2026,20224,18,249
A_known_L1_sweep,0.41604010025062654,2026,20224,18,249
A_known_L1_sweep,0.41854636591478694,2026,20224,18,249
A_known_L1_sweep,0.42105263157894735,2026,20224,18,249
A_known_L1_sweep,0.42355889724310775,2026,20224,18,249
A_known_L1_sweep,0.42606516290726815,2026,20224,18,249
A_known_L1_sweep,0.42857142857142855,2026,20224,18,249
A_known_L1_sweep,0.43107769423558895,2026,20224,18,249
A_known_L1_sweep,0.43358395989974935,2026,20224,18,249
A_known_L1_sweep,0.43609022556390975,2026,20224,18,249
A_known_L1_sweep,0.43859649122807015,2026,20224,18,249
A_known_L1_sweep,0.44110275689223055,2026,20224,18,249
A_known_L1_sweep,0.44360902255639095,2026,20224,18,249
A_known_L1_sweep,0.44611528822055135,2026,20224,18,249
A_known_L1_sweep,0.44862155388471175,2026,20224,18,249
A_known_L1_sweep,0.45112781954887216,2026,20224,18,249
A_known_L1_sweep,0.45363408521303256,2026,20224,18,249
A_known_L1_sweep,0.45614035087719296,2026,20224,18,249
A_known_L1_sweep,0.45864661654135336,2026,20224,18,249
A_known_L1_sweep,0.46115288220551376,2026,20224,18,249
A_known_L1_sweep,0.46365914786967416,2026,20224,18,249
A_known_L1_sweep,0.46616541353383456,2026,20224,18,249
A_known_L1_sweep,0.46867167919799496,2026,20224,18,249
A_known_L1_sweep,0.47117794486215536,2026,20224,18,249
A_known_L1_sweep,0.47368421052631576,2026,20224,18,249
A_known_L1_sweep,0.47619047619047616,2026,20224,18,249
A_known_L1_sweep,0.47869674185463656,2026,20224,18,249
A_known_L1_sweep,0.48120300751879697,2026,20224,18,249
A_known_L1_sweep,0.48370927318295737,2026,20224,18,249
A_known_L1_sweep,0.48621553884711777,2026,20224,18,249
A_known_L1_sweep,0.48872180451127817,2026,20224,18,249
A_known_L1_sweep,0.49122807017543857,2026,20224,18,249
A_known_L1_sweep,0.49373433583959897,2026,20224,18,249
A_known_L1_sweep,0.49624060150375937,2026,20224,18,249
A_known_L1_sweep,0.49874686716791977,2026,20224,18,249
A_known_L1_sweep,0.5012531328320802,2026,20224,18,249
A_known_L1_sweep,0.5037593984962405,2026,20224,18,249
A_known_L1_sweep,0.506265664160401,2026,20224,18,249
A_known_L1_sweep,0.5087719298245614,2026,20224,18,249
A_known_L1_sweep,0.5112781954887218,2026,20224,18,249
A_known_L1_sweep,0.5137844611528821,2026,20224,18,249
A_known_L1_sweep,0.5162907268170426,2026,20224,18,249
A_known_L1_sweep,0.518796992481203,2026,20224,18,249
A_known_L1_sweep,0.5213032581453634,2026,20224,18,249
A_known_L1_sweep,0.5238095238095237,2026,20224,18,249
A_known_L1_sweep,0.5263157894736842,2026,20224,18,249
A_known_L1_sweep,0.5288220551378446,2026,20224,18,249
A_known_L1_sweep,0.531328320802005,2026,20224,18,249
A_known_L1_sweep,0.5338345864661653,2026,20224,18,249
A_known_L1_sweep,0.5363408521303258,2026,20224,18,249
A_known_L1_sweep,0.5388471177944862,2026,20224,18,249
A_known_L1_sweep,0.5413533834586466,2026,20224,18,249
A_known_L1_sweep,0.5438596491228069,2026,20224,18,249
A_known_L1_sweep,0.5463659147869674,2026,20224,18,249
A_known_L1_sweep,0.5488721804511278,2026,20224,18,249
A_known_L1_sweep,0.5513784461152882,2026,20224,18,249
A_known_L1_sweep,0.5538847117794485,2026,20224,18,249
A_known_L1_sweep,0.556390977443609,2026,20224,18,249
A_known_L1_sweep,0.5588972431077694,2026,20224,18,249
A_known_L1_sweep,0.5614035087719298,2026,20224,18,249
A_known_L1_sweep,0.5639097744360901,2026,20224,18,249
A_known_L1_sweep,0.5664160401002506,2026,20224,18,249
A_known_L1_sweep,0.568922305764411,2026,20224,18,249
A_known_L1_sweep,0.5714285714285714,2026,20224,18,249
A_known_L1_sweep,0.5739348370927317,2026,20224,18,249
A_known_L1_sweep,0.5764411027568922,2026,20224,18,249
A_known_L1_sweep,0.5789473684210527,2026,20224,18,249
A_known_L1_sweep,0.581453634085213,2026,20224,18,249
A_known_L1_sweep,0.5839598997493733,2026,20224,18,249
A_known_L1_sweep,0.5864661654135338,2026,20224,18,249
A_known_L1_sweep,0.5889724310776943,2026,20224,18,249
A_known_L1_sweep,0.5914786967418546,2026,20224,18,249
A_known_L1_sweep,0.593984962406015,2026,20224,18,249
A_known_L1_sweep,0.5964912280701754,2026,20224,18,249
A_known_L1_sweep,0.5989974937343359,2026,20224,18,249
A_known_L1_sweep,0.6015037593984962,2026,20224,18,249
A_known_L1_sweep,0.6040100250626566,2026,20224,18,249
A_known_L1_sweep,0.606516290726817,2026,20224,18,249
A_known_L1_sweep,0.6090225563909775,2026,20224,18,249
A_known_L1_sweep,0.6115288220551378,2026,20224,18,249
A_known_L1_sweep,0.6140350877192982,2026,20224,18,249
A_known_L1_sweep,0.6165413533834586,2026,20224,18,249
A_known_L1_sweep,0.6190476190476191,2026,20224,18,249
A_known_L1_sweep,0.6215538847117794,2026,20224,18,249
A_known_L1_sweep,0.6240601503759398,2026,20224,18,249
A_known_L1_sweep,0.6265664160401002,2026,20224,18,249
A_known_L1_sweep,0.6290726817042607,2026,20224,18,249
A_known_L1_sweep,0.631578947368421,2026,20224,18,249
A_known_L1_sweep,0.6340852130325814,2026,20224,18,249
A_known_L1_sweep,0.6365914786967418,2026,20224,18,249
A_known_L1_sweep,0.6390977443609023,2026,20224,18,249
A_known_L1_sweep,0.6416040100250626,2026,20224,18,249
A_known_L1_sweep,0.644110275689223,2026,20224,18,249
A_known_L1_sweep,0.6466165413533834,2026,20224,18,249
A_known_L1_sweep,0.6491228070175439,2026,20224,18,249
A_known_L1_sweep,0.6516290726817042,2026,20224,18,249
A_known_L1_sweep,0.6541353383458646,2026,20224,18,249
A_known_L1_sweep,0.656641604010025,2026,20224,18,249
A_known_L1_sweep,0.6591478696741855,2026,20224,18,249
A_known_L1_sweep,0.6616541353383458,2026,20224,18,249
A_known_L1_sweep,0.6641604010025062,2026,20224,18,249
A_known_L1_sweep,0.6666666666666666,2026,20224,18,249
A_known_L1_sweep,0.6691729323308271,2026,20224,18,249
A_known_L1_sweep,0.6716791979949874,2026,20224,18,249
A_known_L1_sweep,0.6741854636591478,2026,20224,18,249
A_known_L1_sweep,0.6766917293233082,2026,20224,18,249
A_known_L1_sweep,0.6791979949874687,2026,20224,18,249
A_known_L1_sweep,0.681704260651629,2026,20224,18,249
A_known_L1_sweep,0.6842105263157894,2026,20224,18,249
A_known_L1_sweep,0.6867167919799498,2026,20224,18,249
A_known_L1_sweep,0.6892230576441103,2026,20224,18,249
A_known_L1_sweep,0.6917293233082706,2026,20224,18,249
A_known_L1_sweep,0.694235588972431,2026,20224,18,249
A_known_L1_sweep,0.6967418546365914,2026,20224,18,249
A_known_L1_sweep,0.6992481203007519,2026,20224,18,249
A_known_L1_sweep,0.7017543859649122,2026,20224,18,249
A_known_L1_sweep,0.7042606516290726,2026,20224,18,249
A_known_L1_sweep,0.706766917293233,2026,20224,18,249
A_known_L1_sweep,0.7092731829573935,2026,20224,18,249
A_known_L1_sweep,0.7117794486215538,2026,20224,18,249
A_known_L1_sweep,0.7142857142857142,2026,20224,18,249
A_known_L1_sweep,0.7167919799498746,2026,20224,18,249
A_known_L1_sweep,0.7192982456140351,2026,20224,18,249
A_known_L1_sweep,0.7218045112781954,2026,20224,18,249
A_known_L1_sweep,0.7243107769423558,2026,20224,18,249
A_known_L1_sweep,0.7268170426065163,2026,20224,18,249
A_known_L1_sweep,0.7293233082706767,2026,20224,18,249
A_known_L1_sweep,0.731829573934837,2026,20224,18,249
A_known_L1_sweep,0.7343358395989974,2026,20224,18,249
A_known_L1_sweep,0.7368421052631579,2026,20224,18,249
A_known_L1_sweep,0.7393483709273183,2026,20224,18,249
A_known_L1_sweep,0.7418546365914787,2026,20224,18,249
A_known_L1_sweep,0.744360902255639,2026,20224,18,249
A_known_L1_sweep,0.7468671679197995,2026,20224,18,249
A_known_L1_sweep,0.7493734335839599,2026,20224,18,249
A_known_L1_sweep,0.7518796992481203,2026,20224,18,249
A_known_L1_sweep,0.7543859649122806,2026,20224,18,249
A_known_L1_sweep,0.7568922305764411,2026,20224,18,249
A_known_L1_sweep,0.7593984962406015,2026,20224,18,249
A_known_L1_sweep,0.7619047619047619,2026,20224,18,249
A_known_L1_sweep,0.7644110275689222,2026,20224,18,249
A_known_L1_sweep,0.7669172932330827,2026,20224,18,249
A_known_L1_sweep,0.7694235588972431,2026,20224,18,249
A_known_L1_sweep,0.7719298245614035,2026,20224,18,249
A_known_L1_sweep,0.7744360902255638,2026,20224,18,249
A_known_L1_sweep,0.7769423558897243,2026,20224,18,249
A_known_L1_sweep,0.7794486215538847,2026,20224,18,249
A_known_L1_sweep,0.7819548872180451,2026,20224,18,249
A_known_L1_sweep,0.7844611528822054,2026,20224,18,249
A_known_L1_sweep,0.7869674185463659,2026,20224,18,249
A_known_L1_sweep,0.7894736842105263,2026,20224,18,249
A_known_L1_sweep,0.7919799498746867,2026,20224,18,249
A_known_L1_sweep,0.794486215538847,2026,20224,18,249
A_known_L1_sweep,0.7969924812030075,2026,20224,18,249
A_known_L1_sweep,0.7994987468671679,2026,20224,18,249
A_known_L1_sweep,0.8020050125313283,2026,20224,18,249
A_known_L1_sweep,0.8045112781954886,2026,20224,18,249
A_known_L1_sweep,0.8070175438596491,2026,20224,18,249
A_known_L1_sweep,0.8095238095238095,2026,20224,18,249
A_known_L1_sweep,0.8120300751879699,2026,20224,18,249
A_known_L1_sweep,0.8145363408521302,2026,20224,18,249
A_known_L1_sweep,0.8170426065162907,2026,20224,18,249
A_known_L1_sweep,0.8195488721804511,2026,20224,18,249
A_known_L1_sweep,0.8220551378446115,2026,20224,18,249
A_known_L1_sweep,0.8245614035087718,2026,20224,18,249
A_known_L1_sweep,0.8270676691729323,2026,20224,18,249
A_known_L1_sweep,0.8295739348370927,2026,20224,18,249
A_known_L1_sweep,0.8320802005012531,2026,20224,18,249
A_known_L1_sweep,0.8345864661654134,2026,20224,18,249
A_known_L1_sweep,0.8370927318295739,2026,20224,18,249
A_known_L1_sweep,0.8395989974937343,2026,20224,18,249
A_known_L1_sweep,0.8421052631578947,2026,20224,18,249
A_known_L1_sweep,0.844611528822055,2026,20224,18,249
A_known_L1_sweep,0.8471177944862155,2026,20224,18,249
A_known_L1_sweep,0.849624060150376,2026,20224,18,249
A_known_L1_sweep,0.8521303258145363,2026,20224,18,249
A_known_L1_sweep,0.8546365914786966,2026,20224,18,249
A_known_L1_sweep,0.8571428571428571,2026,20224,18,249
A_known_L1_sweep,0.8596491228070176,2026,20224,18,249
A_known_L1_sweep,0.8621553884711779,2026,20224,18,249
A_known_L1_sweep,0.8646616541353382,2026,20224,18,249
A_known_L1_sweep,0.8671679197994987,2026,20224,18,249
A_known_L1_sweep,0.8696741854636592,2026,20224,18,249
A_known_L1_sweep,0.8721804511278195,2026,20224,18,249
A_known_L1_sweep,0.8746867167919798,2026,20224,18,249
A_known_L1_sweep,0.8771929824561403,2026,20224,18,249
A_known_L1_sweep,0.8796992481203008,2026,20224,18,249
A_known_L1_sweep,0.8822055137844611,2026,20224,18,249
A_known_L1_sweep,0.8847117794486214,2026,20224,18,249
A_known_L1_sweep,0.8872180451127819,2026,20224,18,249
A_known_L1_sweep,0.8897243107769424,2026,20224,18,249
A_known_L1_sweep,0.8922305764411027,2026,20224,18,249
A_known_L1_sweep,0.894736842105263,2026,20224,18,249
A_known_L1_sweep,0.8972431077694235,2026,20224,18,249
A_known_L1_sweep,0.899749373433584,2026,20224,18,249
A_known_L1_sweep,0.9022556390977443,2026,20224,18,249
A_known_L1_sweep,0.9047619047619047,2026,20224,18,249
A_known_L1_sweep,0.9072681704260651,2026,20224,18,249
A_known_L1_sweep,0.9097744360902256,2026,20224,18,249
A_known_L1_sweep,0.9122807017543859,2026,20224,18,249
A_known_L1_sweep,0.9147869674185463,2026,20224,18,249
A_known_L1_sweep,0.9172932330827067,2026,20224,18,249
A_known_L1_sweep,0.9197994987468672,2026,20224,18,249
A_known_L1_sweep,0.9223057644110275,2026,20224,18,249
A_known_L1_sweep,0.9248120300751879,2026,20224,18,249
A_known_L1_sweep,0.9273182957393483,2026,20224,18,249
A_known_L1_sweep,0.9298245614035088,2026,20224,18,249
A_known_L1_sweep,0.9323308270676691,2026,20224,18,249
A_known_L1_sweep,0.9348370927318295,2026,20224,18,249
A_known_L1_sweep,0.9373433583959899,2026,20224,18,249
A_known_L1_sweep,0.9398496240601504,2026,20224,18,249
A_known_L1_sweep,0.9423558897243107,2026,20224,18,249
A_known_L1_sweep,0.9448621553884711,2026,20224,18,249
A_known_L1_sweep,0.9473684210526315,2026,20224,18,249
A_known_L1_sweep,0.949874686716792,2026,20224,18,249
A_known_L1_sweep,0.9523809523809523,2026,20224,18,249
A_known_L1_sweep,0.9548872180451127,2026,20224,18,249
A_known_L1_sweep,0.9573934837092731,2026,20224,18,249
A_known_L1_sweep,0.9598997493734336,2026,20224,18,249
A_known_L1_sweep,0.9624060150375939,2026,20224,18,249
A_known_L1_sweep,0.9649122807017543,2026,20224,18,249
A_known_L1_sweep,0.9674185463659147,2026,20224,18,249
A_known_L1_sweep,0.9699248120300752,2026,20224,18,249
A_known_L1_sweep,0.9724310776942355,2026,20224,18,249
A_known_L1_sweep,0.9749373433583959,2026,20224,18,249
A_known_L1_sweep,0.9774436090225563,2026,20224,18,249
A_known_L1_sweep,0.9799498746867168,2026,20224,18,249
A_known_L1_sweep,0.9824561403508771,2026,20224,18,249
A_known_L1_sweep,0.9849624060150375,2026,20224,18,249
A_known_L1_sweep,0.9874686716791979,2026,20224,18,249
A_known_L1_sweep,0.9899749373433584,2026,20224,18,249
A_known_L1_sweep,0.9924812030075187,2026,20224,18,249
A_known_L1_sweep,0.9949874686716791,2026,20224,18,249
A_known_L1_sweep,0.9974937343358395,2026,20224,18,249
A_known_L1_sweep,1.0,2026,20224,18,249
B_novel_L2_sweep,-2.5157899386230325,306,0,267,0
B_novel_L2_sweep,-2.4410225019563128,305,1,263,4
B_novel_L2_sweep,-2.366255065289593,305,1,257,10
B_novel_L2_sweep,-2.291487628622873,305,1,246,21
B_novel_L2_sweep,-2.216720191956153,305,1,212,55
B_novel_L2_sweep,-2.1419527552894335,304,2,153,114
B_novel_L2_sweep,-2.067185318622714,303,3,105,162
B_novel_L2_sweep,-1.9924178819559941,303,3,98,169
B_novel_L2_sweep,-1.9176504452892744,303,3,96,171
B_novel_L2_sweep,-1.8428830086225545,298,8,95,172
B_novel_L2_sweep,-1.7681155719558348,298,8,95,172
B_novel_L2_sweep,-1.6933481352891149,298,8,95,172
B_novel_L2_sweep,-1.6185806986223952,297,9,87,180
B_novel_L2_sweep,-1.5438132619556755,291,15,75,192
B_novel_L2_sweep,-1.4690458252889558,291,15,60,207
B_novel_L2_sweep,-1.3942783886222359,291,15,49,218
B_novel_L2_sweep,-1.3195109519555162,291,15,45,222
B_novel_L2_sweep,-1.2447435152887965,289,17,42,225
B_novel_L2_sweep,-1.1699760786220765,286,20,41,226
B_novel_L2_sweep,-1.0952086419553568,285,21,41,226
B_novel_L2_sweep,-1.0204412052886371,284,22,41,226
B_novel_L2_sweep,-0.9456737686219172,284,22,41,226
B_novel_L2_sweep,-0.8709063319551975,284,22,41,226
B_novel_L2_sweep,-0.7961388952884778,283,23,40,227
B_novel_L2_sweep,-0.7213714586217579,283,23,36,231
B_novel_L2_sweep,-0.6466040219550382,278,28,33,234
B_novel_L2_sweep,-0.5718365852883185,271,35,32,235
B_novel_L2_sweep,-0.4970691486215988,260,46,31,236
B_novel_L2_sweep,-0.4223017119548791,259,47,29,238
B_novel_L2_sweep,-0.34753427528815894,259,47,29,238
B_novel_L2_sweep,-0.27276683862143924,255,51,29,238
B_novel_L2_sweep,-0.19799940195471954,243,63,29,238
B_novel_L2_sweep,-0.12323196528799985,243,63,29,238
B_novel_L2_sweep,-0.048464528621280145,241,65,29,238
B_novel_L2_sweep,0.026302908045439555,234,72,29,238
B_novel_L2_sweep,0.10107034471215925,231,75,28,239
B_novel_L2_sweep,0.1758377813788794,231,75,28,239
B_novel_L2_sweep,0.2506052180455991,228,78,28,239
B_novel_L2_sweep,0.3253726547123188,228,78,28,239
B_novel_L2_sweep,0.4001400913790385,227,79,28,239
B_novel_L2_sweep,0.4749075280457582,226,80,28,239
B_novel_L2_sweep,0.5496749647124779,225,81,27,240
B_novel_L2_sweep,0.624442401379198,222,84,26,241
B_novel_L2_sweep,0.6992098380459177,222,84,26,241
B_novel_L2_sweep,0.7739772747126374,222,84,26,241
B_novel_L2_sweep,0.8487447113793571,222,84,26,241
B_novel_L2_sweep,0.9235121480460768,222,84,26,241
B_novel_L2_sweep,0.9982795847127965,193,113,26,241
B_novel_L2_sweep,1.0730470213795167,182,124,26,241
B_novel_L2_sweep,1.1478144580462364,182,124,26,241
B_novel_L2_sweep,1.222581894712956,182,124,26,241
B_novel_L2_sweep,1.2973493313796758,182,124,26,241
B_novel_L2_sweep,1.3721167680463955,175,131,26,241
B_novel_L2_sweep,1.4468842047131152,175,131,26,241
B_novel_L2_sweep,1.5216516413798349,175,131,26,241
B_novel_L2_sweep,1.596419078046555,173,133,26,241
B_novel_L2_sweep,1.6711865147132743,172,134,26,241
B_novel_L2_sweep,1.7459539513799944,171,135,26,241
B_novel_L2_sweep,1.8207213880467146,170,136,26,241
B_novel_L2_sweep,1.8954888247134338,169,137,26,241
B_novel_L2_sweep,1.970256261380154,169,137,26,241
B_novel_L2_sweep,2.0450236980468732,169,137,25,242
B_novel_L2_sweep,2.1197911347135934,169,137,25,242
B_novel_L2_sweep,2.1945585713803126,169,137,24,243
B_novel_L2_sweep,2.2693260080470328,169,137,23,244
B_novel_L2_sweep,2.344093444713753,169,137,23,244
B_novel_L2_sweep,2.418860881380472,163,143,23,244
B_novel_L2_sweep,2.4936283180471923,163,143,23,244
B_novel_L2_sweep,2.5683957547139116,161,145,23,244
B_novel_L2_sweep,2.6431631913806317,157,149,23,244
B_novel_L2_sweep,2.717930628047351,155,151,22,245
B_novel_L2_sweep,2.792698064714071,155,151,22,245
B_novel_L2_sweep,2.8674655013807913,154,152,22,245
B_novel_L2_sweep,2.9422329380475105,154,152,22,245
B_novel_L2_sweep,3.0170003747142307,154,152,22,245
B_novel_L2_sweep,3.09176781138095,154,152,22,245
B_novel_L2_sweep,3.16653524804767,153,153,22,245
B_novel_L2_sweep,3.24130268471439,152,154,22,245
B_novel_L2_sweep,3.3160701213811095,151,155,22,245
B_novel_L2_sweep,3.3908375580478296,151,155,22,245
B_novel_L2_sweep,3.465604994714549,151,155,22,245
B_novel_L2_sweep,3.540372431381269,151,155,21,246
B_novel_L2_sweep,3.6151398680479883,151,155,21,246
B_novel_L2_sweep,3.6899073047147084,146,160,21,246
B_novel_L2_sweep,3.7646747413814285,144,162,17,250
B_novel_L2_sweep,3.839442178048148,142,164,14,253
B_novel_L2_sweep,3.914209614714868,140,166,14,253
B_novel_L2_sweep,3.988977051381587,140,166,14,253
B_novel_L2_sweep,4.063744488048307,140,166,14,253
B_novel_L2_sweep,4.138511924715027,139,167,14,253
B_novel_L2_sweep,4.213279361381747,138,168,14,253
B_novel_L2_sweep,4.288046798048467,138,168,14,253
B_novel_L2_sweep,4.362814234715186,138,168,14,253
B_novel_L2_sweep,4.437581671381906,138,168,14,253
B_novel_L2_sweep,4.5123491080486255,138,168,14,253
B_novel_L2_sweep,4.587116544715346,137,169,14,253
B_novel_L2_sweep,4.661883981382066,137,169,14,253
B_novel_L2_sweep,4.736651418048785,135,171,14,253
B_novel_L2_sweep,4.811418854715505,135,171,14,253
B_novel_L2_sweep,4.8861862913822245,135,171,14,253
B_novel_L2_sweep,4.960953728048945,133,173,14,253
B_novel_L2_sweep,5.035721164715664,132,174,14,253
B_novel_L2_sweep,5.110488601382384,132,174,14,253
B_novel_L2_sweep,5.185256038049104,132,174,14,253
B_novel_L2_sweep,5.260023474715823,132,174,14,253
B_novel_L2_sweep,5.334790911382544,132,174,14,253
B_novel_L2_sweep,5.409558348049263,130,176,14,253
B_novel_L2_sweep,5.484325784715982,130,176,14,253
B_novel_L2_sweep,5.559093221382702,130,176,14,253
B_novel_L2_sweep,5.633860658049422,129,177,14,253
B_novel_L2_sweep,5.7086280947161425,129,177,14,253
B_novel_L2_sweep,5.783395531382863,129,177,14,253
B_novel_L2_sweep,5.858162968049581,127,179,14,253
B_novel_L2_sweep,5.932930404716301,127,179,14,253
B_novel_L2_sweep,6.007697841383021,126,180,14,253
B_novel_L2_sweep,6.0824652780497415,125,181,14,253
B_novel_L2_sweep,6.157232714716462,125,181,14,253
B_novel_L2_sweep,6.23200015138318,124,182,14,253
B_novel_L2_sweep,6.3067675880499,124,182,14,253
B_novel_L2_sweep,6.38153502471662,124,182,14,253
B_novel_L2_sweep,6.45630246138334,123,183,14,253
B_novel_L2_sweep,6.531069898050059,123,183,14,253
B_novel_L2_sweep,6.605837334716779,123,183,14,253
B_novel_L2_sweep,6.680604771383499,123,183,14,253
B_novel_L2_sweep,6.755372208050219,123,183,14,253
B_novel_L2_sweep,6.830139644716939,123,183,14,253
B_novel_L2_sweep,6.904907081383658,122,184,14,253
B_novel_L2_sweep,6.979674518050378,122,184,14,253
B_novel_L2_sweep,7.054441954717098,121,185,14,253
B_novel_L2_sweep,7.129209391383818,121,185,14,253
B_novel_L2_sweep,7.203976828050538,118,188,14,253
B_novel_L2_sweep,7.278744264717257,117,189,14,253
B_novel_L2_sweep,7.353511701383977,117,189,14,253
B_novel_L2_sweep,7.428279138050697,117,189,14,253
B_novel_L2_sweep,7.503046574717417,116,190,14,253
B_novel_L2_sweep,7.577814011384137,115,191,14,253
B_novel_L2_sweep,7.652581448050856,115,191,14,253
B_novel_L2_sweep,7.727348884717576,115,191,14,253
B_novel_L2_sweep,7.802116321384296,115,191,14,253
B_novel_L2_sweep,7.876883758051016,115,191,14,253
B_novel_L2_sweep,7.951651194717734,114,192,14,253
B_novel_L2_sweep,8.026418631384455,114,192,14,253
B_novel_L2_sweep,8.101186068051174,112,194,14,253
B_novel_L2_sweep,8.175953504717896,112,194,14,253
B_novel_L2_sweep,8.250720941384614,111,195,14,253
B_novel_L2_sweep,8.325488378051332,111,195,14,253
B_novel_L2_sweep,8.400255814718054,109,197,14,253
B_novel_L2_sweep,8.475023251384773,109,197,14,253
B_novel_L2_sweep,8.549790688051495,109,197,14,253
B_novel_L2_sweep,8.624558124718213,109,197,14,253
B_novel_L2_sweep,8.699325561384931,109,197,14,253
B_novel_L2_sweep,8.774092998051653,104,202,14,253
B_novel_L2_sweep,8.848860434718372,104,202,14,253
B_novel_L2_sweep,8.923627871385094,104,202,14,253
B_novel_L2_sweep,8.998395308051812,104,202,14,253
B_novel_L2_sweep,9.07316274471853,104,202,14,253
B_novel_L2_sweep,9.147930181385252,104,202,14,253
B_novel_L2_sweep,9.22269761805197,104,202,14,253
B_novel_L2_sweep,9.297465054718693,104,202,14,253
B_novel_L2_sweep,9.372232491385411,104,202,14,253
B_novel_L2_sweep,9.44699992805213,103,203,14,253
B_novel_L2_sweep,9.521767364718851,103,203,14,253
B_novel_L2_sweep,9.59653480138557,102,204,14,253
B_novel_L2_sweep,9.671302238052292,101,205,14,253
B_novel_L2_sweep,9.74606967471901,95,211,14,253
B_novel_L2_sweep,9.820837111385728,95,211,14,253
B_novel_L2_sweep,9.89560454805245,95,211,14,253
B_novel_L2_sweep,9.970371984719169,95,211,14,253
B_novel_L2_sweep,10.04513942138589,95,211,14,253
B_novel_L2_sweep,10.119906858052609,95,211,14,253
B_novel_L2_sweep,10.194674294719327,95,211,14,253
B_novel_L2_sweep,10.269441731386049,95,211,14,253
B_novel_L2_sweep,10.344209168052767,95,211,14,253
B_novel_L2_sweep,10.41897660471949,95,211,14,253
B_novel_L2_sweep,10.493744041386208,95,211,14,253
B_novel_L2_sweep,10.568511478052926,95,211,14,253
B_novel_L2_sweep,10.643278914719648,95,211,14,253
B_novel_L2_sweep,10.718046351386366,95,211,14,253
B_novel_L2_sweep,10.792813788053085,93,213,14,253
B_novel_L2_sweep,10.867581224719807,93,213,14,253
B_novel_L2_sweep,10.942348661386525,92,214,14,253
B_novel_L2_sweep,11.017116098053247,92,214,14,253
B_novel_L2_sweep,11.091883534719965,92,214,14,253
B_novel_L2_sweep,11.166650971386684,92,214,14,253
B_novel_L2_sweep,11.241418408053406,92,214,14,253
B_novel_L2_sweep,11.316185844720124,92,214,14,253
B_novel_L2_sweep,11.390953281386846,92,214,14,253
B_novel_L2_sweep,11.465720718053564,92,214,14,253
B_novel_L2_sweep,11.540488154720283,92,214,14,253
B_novel_L2_sweep,11.615255591387005,92,214,14,253
B_novel_L2_sweep,11.690023028053723,92,214,14,253
B_novel_L2_sweep,11.764790464720445,92,214,14,253
B_novel_L2_sweep,11.839557901387163,92,214,14,253
B_novel_L2_sweep,11.914325338053882,92,214,14,253
B_novel_L2_sweep,11.989092774720604,92,214,14,253
B_novel_L2_sweep,12.063860211387322,92,214,14,253
B_novel_L2_sweep,12.138627648054044,92,214,14,253
B_novel_L2_sweep,12.213395084720762,92,214,14,253
B_novel_L2_sweep,12.28816252138748,90,216,14,253
B_novel_L2_sweep,12.362929958054202,89,217,14,253
B_novel_L2_sweep,12.43769739472092,89,217,14,253
B_novel_L2_sweep,12.512464831387643,89,217,14,253
B_novel_L2_sweep,12.587232268054361,89,217,14,253
B_novel_L2_sweep,12.66199970472108,89,217,14,253
B_novel_L2_sweep,12.736767141387801,89,217,14,253
B_novel_L2_sweep,12.81153457805452,89,217,14,253
B_novel_L2_sweep,12.886302014721242,87,219,14,253
B_novel_L2_sweep,12.96106945138796,87,219,14,253
B_novel_L2_sweep,13.035836888054678,87,219,14,253
B_novel_L2_sweep,13.1106043247214,87,219,14,253
B_novel_L2_sweep,13.185371761388119,87,219,14,253
B_novel_L2_sweep,13.260139198054837,87,219,14,253
B_novel_L2_sweep,13.334906634721559,87,219,14,253
B_novel_L2_sweep,13.409674071388277,87,219,14,253
B_novel_L2_sweep,13.484441508054996,87,219,14,253
B_novel_L2_sweep,13.559208944721718,87,219,14,253
B_novel_L2_sweep,13.633976381388436,87,219,14,253
B_novel_L2_sweep,13.708743818055158,87,219,14,253
B_novel_L2_sweep,13.783511254721876,87,219,14,253
B_novel_L2_sweep,13.858278691388595,87,219,14,253
B_novel_L2_sweep,13.933046128055317,87,219,14,253
B_novel_L2_sweep,14.007813564722035,87,219,14,253
B_novel_L2_sweep,14.082581001388757,87,219,14,253
B_novel_L2_sweep,14.157348438055475,87,219,14,253
B_novel_L2_sweep,14.232115874722194,87,219,14,253
B_novel_L2_sweep,14.306883311388916,87,219,14,253
B_novel_L2_sweep,14.381650748055634,87,219,14,253
B_novel_L2_sweep,14.456418184722356,87,219,14,253
B_novel_L2_sweep,14.531185621389074,87,219,14,253
B_novel_L2_sweep,14.605953058055793,87,219,14,253
B_novel_L2_sweep,14.680720494722515,87,219,14,253
B_novel_L2_sweep,14.755487931389233,87,219,14,253
B_novel_L2_sweep,14.830255368055955,87,219,14,253
B_novel_L2_sweep,14.905022804722673,87,219,14,253
B_novel_L2_sweep,14.979790241389392,87,219,14,253
B_novel_L2_sweep,15.054557678056113,87,219,14,253
B_novel_L2_sweep,15.129325114722832,87,219,14,253
B_novel_L2_sweep,15.204092551389554,87,219,14,253
B_novel_L2_sweep,15.278859988056272,87,219,14,253
B_novel_L2_sweep,15.35362742472299,87,219,14,253
B_novel_L2_sweep,15.428394861389712,87,219,14,253
B_novel_L2_sweep,15.50316229805643,87,219,14,253
B_novel_L2_sweep,15.57792973472315,87,219,14,253
B_novel_L2_sweep,15.652697171389871,87,219,14,253
B_novel_L2_sweep,15.72746460805659,87,219,14,253
B_novel_L2_sweep,15.802232044723311,87,219,14,253
B_novel_L2_sweep,15.87699948139003,87,219,14,253
B_novel_L2_sweep,15.951766918056748,87,219,14,253
B_novel_L2_sweep,16.02653435472347,87,219,14,253
B_novel_L2_sweep,16.10130179139019,86,220,14,253
B_novel_L2_sweep,16.17606922805691,86,220,14,253
B_novel_L2_sweep,16.25083666472363,86,220,14,253
B_novel_L2_sweep,16.325604101390347,86,220,14,253
B_novel_L2_sweep,16.40037153805707,86,220,14,253
B_novel_L2_sweep,16.475138974723787,86,220,14,253
B_novel_L2_sweep,16.54990641139051,86,220,14,253
B_novel_L2_sweep,16.624673848057228,86,220,14,253
B_novel_L2_sweep,16.699441284723946,86,220,14,253
B_novel_L2_sweep,16.774208721390668,86,220,14,253
B_novel_L2_sweep,16.848976158057386,86,220,14,253
B_novel_L2_sweep,16.923743594724108,86,220,14,253
B_novel_L2_sweep,16.998511031390827,86,220,14,253
B_novel_L2_sweep,17.073278468057545,86,220,14,253
B_novel_L2_sweep,17.148045904724267,86,220,14,253
B_novel_L2_sweep,17.222813341390985,86,220,14,253
B_novel_L2_sweep,17.297580778057707,86,220,14,253
B_novel_L2_sweep,17.372348214724425,86,220,14,253
B_novel_L2_sweep,17.447115651391144,85,221,14,253
B_novel_L2_sweep,17.521883088057866,85,221,14,253
B_novel_L2_sweep,17.596650524724584,85,221,14,253
B_novel_L2_sweep,17.671417961391306,85,221,14,253
B_novel_L2_sweep,17.746185398058024,85,221,14,253
B_novel_L2_sweep,17.820952834724743,85,221,14,253
B_novel_L2_sweep,17.895720271391465,85,221,14,253
B_novel_L2_sweep,17.970487708058183,85,221,14,253
B_novel_L2_sweep,18.0452551447249,85,221,14,253
B_novel_L2_sweep,18.120022581391623,85,221,14,253
B_novel_L2_sweep,18.19479001805834,85,221,14,253
B_novel_L2_sweep,18.269557454725064,85,221,14,253
B_novel_L2_sweep,18.344324891391782,85,221,14,253
B_novel_L2_sweep,18.4190923280585,85,221,14,253
B_novel_L2_sweep,18.493859764725222,85,221,14,253
B_novel_L2_sweep,18.56862720139194,85,221,14,253
B_novel_L2_sweep,18.643394638058663,85,221,14,253
B_novel_L2_sweep,18.71816207472538,85,221,14,253
B_novel_L2_sweep,18.7929295113921,85,221,14,253
B_novel_L2_sweep,18.86769694805882,85,221,14,253
B_novel_L2_sweep,18.94246438472554,84,222,14,253
B_novel_L2_sweep,19.01723182139226,84,222,14,253
B_novel_L2_sweep,19.09199925805898,84,222,14,253
B_novel_L2_sweep,19.1667666947257,84,222,14,253
B_novel_L2_sweep,19.24153413139242,84,222,14,253
B_novel_L2_sweep,19.31630156805914,84,222,14,253
B_novel_L2_sweep,19.39106900472586,84,222,14,253
B_novel_L2_sweep,19.46583644139258,84,222,14,253
B_novel_L2_sweep,19.540603878059297,84,222,14,253
B_novel_L2_sweep,19.61537131472602,84,222,14,253
B_novel_L2_sweep,19.690138751392738,84,222,14,253
B_novel_L2_sweep,19.76490618805946,84,222,14,253
B_novel_L2_sweep,19.839673624726178,84,222,14,253
B_novel_L2_sweep,19.914441061392896,84,222,14,253
B_novel_L2_sweep,19.989208498059618,84,222,14,253
B_novel_L2_sweep,20.063975934726336,84,222,14,253
B_novel_L2_sweep,20.13874337139306,84,222,14,253
B_novel_L2_sweep,20.213510808059777,84,222,14,253
B_novel_L2_sweep,20.288278244726495,84,222,14,253
B_novel_L2_sweep,20.363045681393217,84,222,14,253
B_novel_L2_sweep,20.437813118059935,84,222,14,253
B_novel_L2_sweep,20.512580554726657,84,222,14,253
B_novel_L2_sweep,20.587347991393376,84,222,14,253
B_novel_L2_sweep,20.662115428060094,84,222,14,253
B_novel_L2_sweep,20.736882864726816,84,222,14,253
B_novel_L2_sweep,20.811650301393534,84,222,14,253
B_novel_L2_sweep,20.886417738060253,84,222,14,253
B_novel_L2_sweep,20.961185174726975,84,222,14,253
B_novel_L2_sweep,21.035952611393693,84,222,14,253
B_novel_L2_sweep,21.110720048060415,84,222,14,253
B_novel_L2_sweep,21.185487484727133,84,222,14,253
B_novel_L2_sweep,21.26025492139385,84,222,14,253
B_novel_L2_sweep,21.335022358060574,84,222,14,253
B_novel_L2_sweep,21.409789794727292,84,222,14,253
B_novel_L2_sweep,21.484557231394014,84,222,14,253
B_novel_L2_sweep,21.559324668060732,84,222,14,253
B_novel_L2_sweep,21.63409210472745,84,222,14,253
B_novel_L2_sweep,21.708859541394173,84,222,14,253
B_novel_L2_sweep,21.78362697806089,84,222,14,253
B_novel_L2_sweep,21.858394414727613,84,222,14,253
B_novel_L2_sweep,21.93316185139433,84,222,14,253
B_novel_L2_sweep,22.00792928806105,84,222,14,253
B_novel_L2_sweep,22.08269672472777,84,222,14,253
B_novel_L2_sweep,22.15746416139449,79,227,14,253
B_novel_L2_sweep,22.23223159806121,79,227,14,253
B_novel_L2_sweep,22.30699903472793,79,227,14,253
B_novel_L2_sweep,22.38176647139465,79,227,14,253
B_novel_L2_sweep,22.45653390806137,77,229,14,253
B_novel_L2_sweep,22.53130134472809,77,229,14,253
B_novel_L2_sweep,22.60606878139481,76,230,14,253
B_novel_L2_sweep,22.68083621806153,75,231,14,253
B_novel_L2_sweep,22.755603654728247,75,231,14,253
B_novel_L2_sweep,22.83037109139497,75,231,14,253
B_novel_L2_sweep,22.905138528061688,74,232,14,253
B_novel_L2_sweep,22.97990596472841,74,232,14,253
B_novel_L2_sweep,23.054673401395128,74,232,14,253
B_novel_L2_sweep,23.129440838061846,74,232,14,253
B_novel_L2_sweep,23.20420827472857,74,232,14,253
B_novel_L2_sweep,23.278975711395287,74,232,14,253
B_novel_L2_sweep,23.35374314806201,74,232,14,253
B_novel_L2_sweep,23.428510584728727,74,232,14,253
B_novel_L2_sweep,23.503278021395445,74,232,14,253
B_novel_L2_sweep,23.578045458062167,74,232,14,253
B_novel_L2_sweep,23.652812894728886,74,232,14,253
B_novel_L2_sweep,23.727580331395604,74,232,14,253
B_novel_L2_sweep,23.802347768062326,74,232,14,253
B_novel_L2_sweep,23.877115204729044,74,232,14,253
B_novel_L2_sweep,23.951882641395766,74,232,14,253
B_novel_L2_sweep,24.026650078062485,74,232,14,253
B_novel_L2_sweep,24.101417514729203,74,232,14,253
B_novel_L2_sweep,24.176184951395925,74,232,14,253
B_novel_L2_sweep,24.250952388062643,74,232,14,253
B_novel_L2_sweep,24.325719824729365,74,232,14,253
B_novel_L2_sweep,24.400487261396083,74,232,14,253
B_novel_L2_sweep,24.475254698062802,74,232,14,253
B_novel_L2_sweep,24.550022134729524,74,232,14,253
B_novel_L2_sweep,24.624789571396242,74,232,14,253
B_novel_L2_sweep,24.699557008062964,74,232,14,253
B_novel_L2_sweep,24.774324444729682,74,232,14,253
B_novel_L2_sweep,24.8490918813964,74,232,14,253
B_novel_L2_sweep,24.923859318063123,74,232,14,253
B_novel_L2_sweep,24.99862675472984,74,232,14,253
B_novel_L2_sweep,25.073394191396563,74,232,14,253
B_novel_L2_sweep,25.14816162806328,74,232,14,253
B_novel_L2_sweep,25.22292906473,74,232,14,253
B_novel_L2_sweep,25.29769650139672,74,232,14,253
B_novel_L2_sweep,25.37246393806344,74,232,14,253
B_novel_L2_sweep,25.447231374730162,74,232,14,253
B_novel_L2_sweep,25.52199881139688,74,232,14,253
B_novel_L2_sweep,25.5967662480636,74,232,14,253
B_novel_L2_sweep,25.67153368473032,74,232,14,253
B_novel_L2_sweep,25.74630112139704,74,232,14,253
B_novel_L2_sweep,25.82106855806376,74,232,14,253
B_novel_L2_sweep,25.89583599473048,74,232,14,253
B_novel_L2_sweep,25.970603431397198,74,232,14,253
B_novel_L2_sweep,26.04537086806392,74,232,14,253
B_novel_L2_sweep,26.120138304730638,74,232,14,253
B_novel_L2_sweep,26.19490574139736,74,232,14,253
B_novel_L2_sweep,26.269673178064078,74,232,14,253
B_novel_L2_sweep,26.344440614730797,74,232,14,253
B_novel_L2_sweep,26.41920805139752,74,232,14,253
B_novel_L2_sweep,26.493975488064237,74,232,14,253
B_novel_L2_sweep,26.568742924730955,74,232,14,253
B_novel_L2_sweep,26.643510361397677,74,232,14,253
B_novel_L2_sweep,26.718277798064396,74,232,14,253
B_novel_L2_sweep,26.793045234731117,74,232,14,253
B_novel_L2_sweep,26.867812671397836,74,232,14,253
B_novel_L2_sweep,26.942580108064554,74,232,14,253
B_novel_L2_sweep,27.017347544731276,74,232,14,253
B_novel_L2_sweep,27.092114981397994,74,232,14,253
B_novel_L2_sweep,27.166882418064716,74,232,12,255
B_novel_L2_sweep,27.241649854731435,74,232,12,255
B_novel_L2_sweep,27.316417291398153,73,233,12,255
