feature,detected_median,missed_median,is_temporal
desc_len,25.0,25.0,False
rule_level,5.0,5.0,False
kw_scan,0.0,0.0,False
kw_brute,0.0,0.0,False
kw_password,0.0,0.0,False
kw_denied,0.0,0.0,False
kw_root,0.0,0.0,False
kw_privilege,0.0,0.0,False
kw_sql,0.0,0.0,False
kw_shell,0.0,0.0,False
kw_trojan,0.0,0.0,False
kw_virus,0.0,0.0,False
mitre_tactic_id,-1.0,-1.0,False
is_auth_failure,0.0,0.0,False
is_web_attack,0.0,0.0,False
rule_id_encoded,554.0,554.0,False
agent_criticality,1.0,1.0,False
alert_rate_1min,20.0,20.0,True
failed_login_5min,10.0,0.0,True
unique_src_ip_10min,1.0,0.0,True
high_sev_ratio_20,0.2,0.0,True
rule_diversity_10min,6.0,3.0,True
time_since_last_high,18.867,999.0,True
scan_preceded,1.0,0.0,True
brute_preceded,1.0,0.0,True
kill_chain_stage,2.0,2.0,True
