feature,nan_pct_FIM,nan_pct_nonFIM,nan_pct_benign,distinct_vals_FIM,variance_FIM,distinct_vals_nonFIM,variance_nonFIM,distinct_vals_benign,variance_benign
severity_norm,0.0,0.0,0.0,2,0.0039957671957671975,3,0.007683695439420629,3,0.0032550790208980616
mitre_tactic_id,0.0,0.0,0.0,3,41.446436781609194,3,3.113446858485026,4,8.7014727830813
is_auth_failure,0.0,0.0,0.0,1,0.0,2,0.08385202583675866,1,0.0
is_web_attack,0.0,0.0,0.0,1,0.0,1,0.0,2,0.1706795077581594
agent_criticality,0.0,0.0,0.0,1,0.0,1,0.0,1,0.0
alert_rate_1min,0.0,0.0,0.0,7,1.9180952380952372,1,0.0,11,3.9321055447607782
failed_login_5min,0.0,0.0,0.0,13,15.068965517241379,20,35.4507339988256,1,0.0
unique_src_ip_10min,0.0,0.0,0.0,2,0.09280788177339902,2,0.08385202583675866,2,0.04987187068795584
high_sev_ratio_20,0.0,0.0,0.0,10,0.008900985221674873,9,0.011446564885496183,1,0.0
rule_diversity_10min,0.0,0.0,0.0,8,1.5335303776683087,5,0.6485026423957723,10,1.8804032553293346
time_since_last_high,0.0,0.0,0.0,53,118718.06141640172,121,69985.19220529043,1,0.0
scan_preceded,0.0,0.0,0.0,2,0.09280788177339902,2,0.11943628890193778,1,0.0
brute_preceded,0.0,0.0,0.0,2,0.09280788177339902,2,0.11943628890193778,1,0.0
kill_chain_stage,0.0,0.0,0.0,1,0.0,1,0.0,1,0.0
event_category,0.0,0.0,0.0,1,0.0,2,1.3416324133881385,5,1.1364647573991162
event_type,0.0,0.0,0.0,2,0.24906403940886704,2,0.08385202583675866,5,0.49626876179212087
event_outcome,0.0,0.0,0.0,1,0.0,2,0.08385202583675866,4,0.36149362169468613
actor_type,0.0,0.0,0.0,2,0.996256157635468,2,0.33540810334703464,3,0.4777392920503507
touches_sensitive_path,0.0,0.0,0.0,2,0.2283743842364533,1,0.0,1,0.0
is_suid_check,0.0,0.0,0.0,1,0.0,1,0.0,1,0.0
cmdline_priv_tokens,0.0,0.0,0.0,2,0.033300492610837444,1,0.0,4,1.146067415730337
process_depth,0.0,0.0,0.0,1,0.0,1,0.0,1,0.0
